Item,Unit,Openning,Receipt,Total,Issue,Closing Stock
HAND BRUSH,NOS,0.00,18.00,18.00,18.00,0.00
HAND BRUSH FOR TOILET,NOS,0.00,16.00,16.00,16.00,0.00
NEPHTHALENE BALLS,GRAM,0.00,11800.00,11800.00,11200.00,600.00
NYLON SCRUB,NOS,0.00,34.00,34.00,22.00,12.00
PLASTIC DUST PAN (SUPADI),NOS,0.00,29.00,29.00,28.00,1.00
WHEEL ACTIVE SOAP,NOS,0.00,301.00,301.00,290.00,11.00
WHEEL POWDER 2kg,KG,0.00,42011.00,42011.00,39511.00,2500.00
WHEEL POWDER 2kg,PKT,0.00,0.00,0.00,1500.00,-1500.00
CLEAN MATE COLIN,NOS,0.00,419.00,419.00,362.00,57.00
KITCHEN GLOVES ,NOS,0.00,21.00,21.00,21.00,0.00
TOILET CLEANER,ML,0.00,20000.00,20000.00,20000.00,0.00
BROOMS,NOS,0.00,411.00,411.00,382.00,29.00
DETTOL HAND WASH,LTR,0.00,0.00,0.00,1011000.00,-1011000.00
DETTOL HAND WASH,ML,0.00,1873000.00,1873000.00,737000.00,1136000.00
BLEACHING WATER,LTR,0.00,0.00,0.00,13000.00,-13000.00
BLEACHING WATER,ML,0.00,896020.00,896020.00,788020.00,108000.00
MULTI PURPOSE LIQIUD,ML,0.00,10000.00,10000.00,10000.00,0.00
DUSTBIN BUCKET,NOS,0.00,64.00,64.00,64.00,0.00
TOILET ROLL,NOS,0.00,539.00,539.00,522.00,17.00
AIR WICK SPRAY,NOS,0.00,3.00,3.00,3.00,0.00
MOPE WITH LONG STAND,NOS,0.00,191.00,191.00,174.00,17.00
PHENYLE LIQUID,CAN,0.00,0.00,0.00,280000.00,-280000.00
PHENYLE LIQUID,LTR,0.00,0.00,0.00,38000.00,-38000.00
PHENYLE LIQUID,ML,0.00,2517570.00,2517570.00,2121070.00,396500.00
PLASTIC BUCKET,NOS,0.00,4.00,4.00,2.00,2.00
ROAD BRUSH,NOS,0.00,15.00,15.00,13.00,2.00
ACID,ML,0.00,57000.00,57000.00,22500.00,34500.00
MAT,NOS,0.00,5.00,5.00,5.00,0.00
14*17 CARESTREAM FILM,NOS,0.00,358562.00,358562.00,343187.00,15375.00
14*17 CARESTREAM FILM,PKT,0.00,0.00,0.00,13125.00,-13125.00
10*12 CARESTREAM FILM,NOS,0.00,12502.00,12502.00,12002.00,500.00
10*12 CARESTREAM FILM,PKT,0.00,0.00,0.00,375.00,-375.00
8*10 FUJI FILM ,NOS,0.00,48712.00,48712.00,46012.00,2700.00
8*10 FUJI FILM ,PKT,0.00,0.00,0.00,1350.00,-1350.00
10*12 FUJI FILM,NOS,0.00,72855.00,72855.00,68805.00,4050.00
10*12 FUJI FILM,PKT,0.00,0.00,0.00,2550.00,-2550.00
11*14 FUJI FILM,NOS,0.00,36000.00,36000.00,34500.00,1500.00
11*14 FUJI FILM,PKT,0.00,0.00,0.00,300.00,-300.00
14*17 FUJI FILM,NOS,0.00,149333.00,149333.00,143333.00,6000.00
14*17 FUJI FILM,PKT,0.00,0.00,0.00,500.00,-500.00
ADRENALINE,NOS,0.00,345.00,345.00,330.00,15.00
EMESET 2 INJECTION,NOS,0.00,243.00,243.00,218.00,25.00
AVIL INJECTION,NOS,0.00,1107.00,1107.00,1047.00,60.00
DEXONA,NOS,0.00,355.00,355.00,349.00,6.00
TROPINE,NOS,0.00,1427.00,1427.00,1387.00,40.00
BUSCOGAST,NOS,0.00,1120.00,1120.00,1100.00,20.00
DYNATROY,NOS,0.00,82.00,82.00,77.00,5.00
VITAMIN E,NOS,0.00,386.00,386.00,356.00,30.00
PROPOFOL,NOS,0.00,435.00,435.00,417.00,18.00
KETAMIN,ML,0.00,3550.00,3550.00,3310.00,240.00
PYROLATE,NOS,0.00,1198.00,1198.00,1181.00,17.00
KALA HIT,NOS,0.00,306.00,306.00,300.00,6.00
ODONIL,PKT,0.00,272.00,272.00,248.00,24.00
WIPER,NOS,0.00,61.00,61.00,61.00,0.00
DOOR BELL,NOS,0.00,7.00,7.00,5.00,2.00
DRILL BIT SET,NOS,0.00,1.00,1.00,0.00,1.00
EVEREADY SMALL  BATTERY CELL 1.5,NOS,0.00,282.00,282.00,270.00,12.00
EVEREADY BIG BATERY CELL 1.5,NOS,0.00,268.00,268.00,251.00,17.00
ALL OUT REFILL,NOS,0.00,55.00,55.00,43.00,12.00
DURACELL,NOS,0.00,202.00,202.00,185.00,17.00
ROOM SPRAY,NOS,0.00,1103.00,1103.00,1081.00,22.00
12A ZIGMA TONNER,NOS,0.00,27.00,27.00,26.00,1.00
SLEEPER FOR GENTS,PAIR,0.00,26.00,26.00,26.00,0.00
TEA GLASS,NOS,0.00,4010.00,4010.00,2050.00,1960.00
TEA GLASS,PKT,0.00,0.00,0.00,360.00,-360.00
WATER GLASS,NOS,0.00,221750.00,221750.00,210450.00,11300.00
WATER GLASS,PKT,0.00,0.00,0.00,11300.00,-11300.00
BIG PLASTIC GLASS,NOS,0.00,1370.00,1370.00,1235.00,135.00
BIG PLASTIC GLASS,PKT,0.00,0.00,0.00,80.00,-80.00
DELUX NIRODH,BOX,0.00,0.00,0.00,1200.00,-1200.00
DELUX NIRODH,NOS,0.00,47808.00,47808.00,44758.00,3050.00
DELUX NIRODH,PKT,0.00,0.00,0.00,200.00,-200.00
FACE MASK,BOX,0.00,0.00,0.00,100.00,-100.00
FACE MASK,NOS,0.00,6830.00,6830.00,5730.00,1100.00
LOW POWDER EXAMINATION GLOVES KALTEX,NOS,0.00,109500.00,109500.00,106342.00,3158.00
LOW POWDER EXAMINATION GLOVES KALTEX,PKT,0.00,0.00,0.00,1200.00,-1200.00
NITRILE MICRO TOUCH  POWDER FREE,NOS,0.00,6550.00,6550.00,5382.00,1168.00
NITRILE MICRO TOUCH  POWDER FREE,PKT,0.00,0.00,0.00,1051.00,-1051.00
SODIUM N S BOTTLE 250 ml,BOT,0.00,0.00,0.00,2500.00,-2500.00
SODIUM N S BOTTLE 250 ml,ML,0.00,19500.00,19500.00,17000.00,2500.00
CD/COVER,NOS,0.00,82898.00,82898.00,80473.00,2425.00
CD/COVER,pkt,0.00,0.00,0.00,50.00,-50.00
"CD-R Proffetional, 52x Speed, 700MB, 80Min",NOS,0.00,63200.00,63200.00,62527.00,673.00
"CD-R Proffetional, 52x Speed, 700MB, 80Min",PKT,0.00,0.00,0.00,50.00,-50.00
CD STICKER,NOS,0.00,98321.00,98321.00,83023.00,15298.00
"DVD-R Proffetional, 16x Speed, 4.7GB, 120Min",NOS,0.00,19760.00,19760.00,18096.00,1664.00
SCALP VEIN SET NG 23,NOS,0.00,5817.00,5817.00,5517.00,300.00
PRINTER LABEL ROLL,NOS,0.00,567.00,567.00,547.00,20.00
OLYMPUS SONO ROLL THERMAL PAPER FOR VIDEO,NOS,0.00,1546.00,1546.00,1546.00,0.00
PEDICLORYL,ML,0.00,1410.00,1410.00,1230.00,180.00
PEDICLORYL,NOS,0.00,0.00,0.00,120.00,-120.00
FG-06 FEEDY GRADUATED INFANT FEEDING TUBE,NOS,0.00,547.00,547.00,459.00,88.00
BALL PEN BLUE,NOS,0.00,4870.00,4870.00,4661.00,209.00
GEL PEN BLUE,NOS,0.00,661.00,661.00,596.00,65.00
GEL PEN BLACK,NOS,0.00,217.00,217.00,127.00,90.00
CD DVD MARKER PEN BLACK,NOS,0.00,291.00,291.00,264.00,27.00
CD DVD MARKER PEN BLUE,NOS,0.00,228.00,228.00,191.00,37.00
GLUE STICK- 8 GRAM,NOS,0.00,7.00,7.00,2.00,5.00
GLUE STICK,NOS,0.00,62.00,62.00,51.00,11.00
MANITOL INJECTION,Bot,0.00,0.00,0.00,3000.00,-3000.00
MANITOL INJECTION,ML,0.00,72500.00,72500.00,65500.00,7000.00
MOUSE PAD,NOS,0.00,24.00,24.00,24.00,0.00
ERASER,NOS,0.00,91.00,91.00,58.00,33.00
SHARPNER,NOS,0.00,51.00,51.00,15.00,36.00
PENCIL EXTRA DARK,NOS,0.00,215.00,215.00,157.00,58.00
CARBON PAPER SET BLUE,PKT,0.00,71.00,71.00,69.00,2.00
WHITENER,NOS,0.00,77.00,77.00,69.00,8.00
STAPLER,NOS,0.00,56.00,56.00,53.00,3.00
BOX FILE,NOS,0.00,415.00,415.00,394.00,21.00
SPRING FILE,NOS,0.00,115.00,115.00,94.00,21.00
TRANSPERANT FILE,NOS,0.00,245.00,245.00,198.00,47.00
FULL SCAPE BOOK ,NOS,0.00,295.00,295.00,285.00,10.00
SMALL NOTEBOOK,NOS,0.00,82.00,82.00,57.00,25.00
COPY POWER PAPER A/4,PKT,0.00,457.00,457.00,453.00,4.00
EPSON PRINTER PAPER A/4 ,NOS,0.00,70760.00,70760.00,65410.00,5350.00
A/3 PAPER ,NOS,0.00,800.00,800.00,11.00,789.00
"LAMINATION SHEET 310x225MM, 125M",NOS,0.00,202.00,202.00,202.00,0.00
CONSENT FORM CT COMMON,NOS,0.00,424.00,424.00,424.00,0.00
CONSENT FORM FOR X RAY,NOS,0.00,24.00,24.00,19.00,5.00
MRI NOTICE BOOK,NOS,0.00,91.00,91.00,86.00,5.00
PAYMENT VOUCHER BOOK ANAND,NOS,0.00,57.00,57.00,38.00,19.00
PNDT BOOK ANAND,NOS,0.00,685.00,685.00,672.00,13.00
PNDT BOOK DAKOR,NOS,0.00,361.00,361.00,337.00,24.00
RECEIPT BOOK FOR ANAND,NOS,0.00,22.00,22.00,14.00,8.00
REFERENCE BOOK FOR ANAND,NOS,0.00,18749.00,18749.00,17564.00,1185.00
REFERENCE BOOK FOR BORSAD,NOS,0.00,4571.00,4571.00,4416.00,155.00
REFERENCE BOOK FOR PETLAD,NOS,0.00,2731.00,2731.00,2731.00,0.00
REFERENCE BOOK FOR DAKOR,NOS,0.00,7851.00,7851.00,7411.00,440.00
MEMO BOOK,NOS,0.00,8.00,8.00,2.00,6.00
PRINTER PAPER A/3 SIZE,PKT,0.00,3.00,3.00,3.00,0.00
REFERAL BOOK IRIS,NOS,0.00,1912.00,1912.00,1792.00,120.00
CELLO TAPE,NOS,0.00,98.00,98.00,67.00,31.00
RECEIPT PAPER FOR ANAND,NOS,0.00,159200.00,159200.00,159200.00,0.00
DUSTBIN BAG BLACK BIG SIZE,KGS,0.00,0.00,0.00,240.00,-240.00
DUSTBIN BAG BLACK BIG SIZE,NOS,0.00,14885.00,14885.00,12638.00,2247.00
ZIP BAG,NOS,0.00,22550.00,22550.00,21545.00,1005.00
SCALE STEEL,NOS,0.00,22.00,22.00,19.00,3.00
PULSE OXY METER,NOS,0.00,23.00,23.00,22.00,1.00
PATIENT FILE FOR ANAND,NOS,0.00,219475.00,219475.00,211025.00,8450.00
SELF REFERAL BOOK ANAND,NOS,0.00,139.00,139.00,116.00,23.00
SELF REFERAL BOOK PETLAD,NOS,0.00,52.00,52.00,52.00,0.00
SELF REFERAL BOOK DAKOR,NOS,0.00,52.00,52.00,52.00,0.00
PATIENT FILE FETAL MEDICINE,NOS,0.00,10880.00,10880.00,8890.00,1990.00
LETTER HEAD A/4 SIZE FETAL MEDICINE,NOS,0.00,35000.00,35000.00,31800.00,3200.00
EPSON PRINTER INK BLACK,NOS,0.00,180.00,180.00,179.00,1.00
EPSON PRINTER  INK COLOUR,NOS,0.00,305.00,305.00,300.00,5.00
LOXICARD INJ,NOS,0.00,86.00,86.00,83.00,3.00
SCISSOR,NOS,0.00,74.00,74.00,74.00,0.00
B I VALVE,BOX,0.00,0.00,0.00,50.00,-50.00
B I VALVE,NOS,0.00,21153.00,21153.00,20683.00,470.00
PAPER CLIP,NOS,0.00,68.00,68.00,62.00,6.00
PLASTIC BAG  FOR REPORT,PKT,0.00,9.00,9.00,7.00,2.00
STAMP PAD,NOS,0.00,28.00,28.00,22.00,6.00
MIDAZOLAM MIDFAST,ML,0.00,5125.00,5125.00,4955.00,170.00
MIDAZOLAM MIDFAST,NOS,0.00,0.00,0.00,100.00,-100.00
WATER BOTTLE 500 ML,BOX,0.00,0.00,0.00,3860.00,-3860.00
WATER BOTTLE 500 ML,NOS,0.00,4232.00,4232.00,328.00,3904.00
WATER BOTTLE 1 LTR,BOX,0.00,0.00,0.00,216.00,-216.00
WATER BOTTLE 1 LTR,NOS,0.00,10215.00,10215.00,9951.00,264.00
SONOGEL,BOX,0.00,0.00,0.00,75.00,-75.00
SONOGEL,NOS,0.00,13710.00,13710.00,13508.00,202.00
COTTON ROLL,NOS,0.00,211.00,211.00,198.00,13.00
BARIUM POWDER,GRAM,0.00,266002.00,266002.00,259002.00,7000.00
BARIUM LIQUID,ML,0.00,4005.00,4005.00,4005.00,0.00
SCALP VEIN SET NG 20,NOS,0.00,848.00,848.00,798.00,50.00
HYPODERMIC NEEDLE 18G,NOS,0.00,2997.00,2997.00,2697.00,300.00
"NIPRO SYRINGE  24Gx1"" (0.6x25MM) 2.5 ML SIZE",NOS,0.00,11600.00,11600.00,10650.00,950.00
"NIPRO SYRINGE  24Gx1"" (0.6x25MM) 5 ML SIZE",NOS,0.00,7300.00,7300.00,6600.00,700.00
"NIPRO SYRINGE  21Gx1"" (0.8x38MM) 10ML SIZE",BOX,0.00,0.00,0.00,100.00,-100.00
"NIPRO SYRINGE  21Gx1"" (0.8x38MM) 10ML SIZE",NOS,0.00,7060.00,7060.00,6460.00,600.00
"NIPRO SYRINGE  21Gx1"" (0.8x38MM) 20 ML SIZE",BOX,0.00,0.00,0.00,150.00,-150.00
"NIPRO SYRINGE  21Gx1"" (0.8x38MM) 20 ML SIZE",NOS,0.00,4626.00,4626.00,4092.00,534.00
NIPRO WING CATH   22G BLUE,NOS,0.00,1772.00,1772.00,1772.00,0.00
NIPRO WING CATH   20G PINK,NOS,0.00,5525.00,5525.00,5525.00,0.00
BACTORUB BLUE,BOT,0.00,0.00,0.00,25500.00,-25500.00
BACTORUB BLUE,ML,0.00,500557.00,500557.00,466518.00,34039.00
MEDI TAPE SURGICAL,NOS,0.00,3168.00,3168.00,3017.00,151.00
MEDI TAPE SURGICAL,PKT,0.00,0.00,0.00,72.00,-72.00
URO CATH FOLEY BALOON FG20,NOS,0.00,772.00,772.00,732.00,40.00
TWIN BORE NASALOXYGEN SET,NOS,0.00,70.00,70.00,43.00,27.00
ENEMA SET WITH NOZEL,NOS,0.00,148.00,148.00,143.00,5.00
HIGH PRESSURE SYRINGE 100 ML,NOS,0.00,80.00,80.00,72.00,8.00
HIGH PRESSURE SYRINGE 190 ML,NOS,0.00,447.00,447.00,422.00,25.00
HIGH PRESSURE SYRINGE 200 ML,NOS,0.00,224.00,224.00,220.00,4.00
SURGICARE GLOVES,NOS,0.00,570.00,570.00,480.00,90.00
EXTERNAL TUBE MALE FEMALEADAPTOR 120 LENGTH,NOS,0.00,21.00,21.00,0.00,21.00
PERINORM INJ,NOS,0.00,102.00,102.00,102.00,0.00
FEBRINIL INJ,NOS,0.00,131.00,131.00,111.00,20.00
ULTRAVIST,BOT,0.00,0.00,0.00,14000.00,-14000.00
ULTRAVIST,ML,0.00,14300.00,14300.00,300.00,14000.00
MULTIHANCE,BOT,0.00,0.00,0.00,1600.00,-1600.00
MULTIHANCE,ML,0.00,18525.00,18525.00,16625.00,1900.00
GASTROVIDEO,BOT,0.00,0.00,0.00,6000.00,-6000.00
GASTROVIDEO,ML,0.00,29000.00,29000.00,23000.00,6000.00
TRAZOGASTRO,BOT,0.00,0.00,0.00,6500.00,-6500.00
TRAZOGASTRO,ML,0.00,354900.00,354900.00,344400.00,10500.00
UROGRAFIN,BOT,0.00,0.00,0.00,3000.00,-3000.00
UROGRAFIN,ML,0.00,21900.00,21900.00,18900.00,3000.00
LOMERON,ML,0.00,900.00,900.00,900.00,0.00
GADOBUTROL,ML,0.00,5920.00,5920.00,5820.00,100.00
VISIPAQUE,ML,0.00,500.00,500.00,500.00,0.00
11*14 CARESTREAM FILM,NOS,0.00,10754.00,10754.00,9379.00,1375.00
11*14 CARESTREAM FILM,PKT,0.00,0.00,0.00,1250.00,-1250.00
LOW PRESSURE CONNECTING TUBE DUAL HEAD ,NOS,0.00,10.00,10.00,10.00,0.00
SINGLE HEAD CONNECTING TUBE,NOS,0.00,20.00,20.00,15.00,5.00
BED SHEET BLUE,NOS,0.00,10396.00,10396.00,9752.00,644.00
PNDT REGISTER,NOS,0.00,74.00,74.00,70.00,4.00
GREEN VEIN FLOW,NOS,0.00,500.00,500.00,500.00,0.00
SPINAL NEEDLE NO.18 PINK,NOS,0.00,225.00,225.00,225.00,0.00
SPINAL NEEDLE NO.20 YELLOW,NOS,0.00,25.00,25.00,5.00,20.00
SPINAL NEEDLE NO.22 BLACK,NOS,0.00,75.00,75.00,71.00,4.00
SPINAL NEEDLE NO.23 BLUE,NOS,0.00,47.00,47.00,42.00,5.00
EPSON PAPER A/3 GLOSSY,NOS,0.00,3150.00,3150.00,3050.00,100.00
8*10 CARESTREAM FILM,NOS,0.00,500.00,500.00,250.00,250.00
STAPLER PIN,PKT,0.00,1039.00,1039.00,987.00,52.00
BALL PEN GREEN,NOS,0.00,284.00,284.00,277.00,7.00
PRINTER CARBON ROLL,NOS,0.00,113.00,113.00,107.00,6.00
FLOWMETER,NOS,0.00,2.00,2.00,2.00,0.00
DERIPHYLLIN,NOS,0.00,106.00,106.00,88.00,18.00
RANTAC,NOS,0.00,145.00,145.00,140.00,5.00
PNDT BOOK PETLAD,NOS,0.00,40.00,40.00,28.00,12.00
RECEIPT PAPER FOR PETLAD,NOS,0.00,5800.00,5800.00,5500.00,300.00
RECEIPT PAPER FOR BORSAD,NOS,0.00,12500.00,12500.00,12500.00,0.00
RECEIPT PAPER FOR DAKOR,NOS,0.00,47200.00,47200.00,47200.00,0.00
ROENTGEN ENVELOPE,NOS,0.00,2000.00,2000.00,600.00,1400.00
HARPIC,NOS,0.00,752.00,752.00,716.00,36.00
OMNIPAQUE 350MG 200ML,BOT,0.00,0.00,0.00,3000.00,-3000.00
OMNIPAQUE 350MG 200ML,ML,0.00,16000.00,16000.00,13000.00,3000.00
CONTRAPAQUE,BOT,0.00,0.00,0.00,14900.00,-14900.00
CONTRAPAQUE,ML,0.00,984200.00,984200.00,965300.00,18900.00
NIPRO WING CATH 24G YELLOW,NOS,0.00,300.00,300.00,300.00,0.00
SODIUM HYPOCHLORID SOLUTION,ML,0.00,310000.00,310000.00,276000.00,34000.00
CALCULATOR,NOS,0.00,11.00,11.00,11.00,0.00
PUSH PIN FOR SOFT BOARD,NOS,0.00,101.00,101.00,40.00,61.00
PUNCH,NOS,0.00,14.00,14.00,10.00,4.00
WHITE BOARD MARKER PEN,NOS,0.00,12.00,12.00,4.00,8.00
FLOOR CLEANER,ML,0.00,4000.00,4000.00,4000.00,0.00
PHENYLE BOT,NOS,0.00,1738.00,1738.00,1624.00,114.00
INSECTS SPRAY,ML,0.00,1000.00,1000.00,1000.00,0.00
CASTORE WHEEL (stretcher),NOS,0.00,25.00,25.00,9.00,16.00
REQUISITION BOOK,NOS,0.00,132.00,132.00,132.00,0.00
PNDT BOOK FOR BORSAD,NOS,0.00,70.00,70.00,48.00,22.00
NAPKIN FOR DOCTOR,NOS,0.00,186.00,186.00,178.00,8.00
DELUX FILE,NOS,0.00,124.00,124.00,95.00,29.00
K Scan 370mg,BOT,0.00,0.00,0.00,5000.00,-5000.00
K Scan 370mg,ML,0.00,5500.00,5500.00,450.00,5050.00
RUBBER RING,GRAM,0.00,14004.00,14004.00,12654.00,1350.00
LETTERHEAD IRIS,NOS,0.00,39440.00,39440.00,37440.00,2000.00
BIOMEDICAL WASTE COLLECTION BAG,NOS,0.00,16300.00,16300.00,6384.00,9916.00
CD DVD MARKER GREEN,NOS,0.00,2.00,2.00,1.00,1.00
CUTTER,NOS,0.00,31.00,31.00,21.00,10.00
LASIX INJ,NOS,0.00,84.00,84.00,64.00,20.00
ENVELOPE A/4 SIZE,NOS,0.00,13050.00,13050.00,12642.00,408.00
L-MONTAS,NOS,0.00,5559.00,5559.00,5409.00,150.00
STAMP PAD INK,NOS,0.00,8.00,8.00,7.00,1.00
NITRILE POWDER FREE GLOVES ,NOS,0.00,38710.00,38710.00,35810.00,2900.00
RANTAC TABLET,NOS,0.00,4060.00,4060.00,3955.00,105.00
SMILEY BALL,NOS,0.00,1754.00,1754.00,1754.00,0.00
COMMON LETTER HEAD A/4 SIZE,NOS,0.00,200950.00,200950.00,200950.00,0.00
BIOPSY NEEDLE 16*16,NOS,0.00,15.00,15.00,15.00,0.00
BIOPSY NEEDLE 18*16,NOS,0.00,15.00,15.00,14.00,1.00
BIOPSY NEEDLE 18*20,NOS,0.00,120.00,120.00,106.00,14.00
COMMON 8*10,NOS,0.00,1900.00,1900.00,1850.00,50.00
CBCT BOOKLET,NOS,0.00,560.00,560.00,75.00,485.00
CBCT REF.BOOK,NOS,0.00,1349.00,1349.00,1053.00,296.00
14*17 COMMON BAG D CUT 2 COLOR,NOS,0.00,9100.00,9100.00,8500.00,600.00
88A ZIGMA TONNER (USE & THROW),NOS,0.00,22.00,22.00,20.00,2.00
MAMMOGRAPHY (NAME PLATE),NOS,0.00,1.00,1.00,0.00,1.00
MUCOMIX 1GM INJ,NOS,0.00,3.00,3.00,2.00,1.00
CHARGER FOR PHONE,NOS,0.00,1.00,1.00,0.00,1.00
PRETASONE INJECTION 100MG (HYDROCORT),NOS,0.00,35.00,35.00,35.00,0.00
CERTIFICATE OF TRAINING,NOS,0.00,30.00,30.00,30.00,0.00
BACTORUB LIQID (PINK),BOT,0.00,1.00,1.00,0.00,1.00
ENVELOP (PINK),NOS,0.00,3000.00,3000.00,0.00,3000.00
CBCT LETTER HEAD FOR ANAND,NOS,0.00,6000.00,6000.00,4000.00,2000.00
BEETEL PHONE,NOS,0.00,4.00,4.00,3.00,1.00
ALL OUT REFILL WITH MACHINE,NOS,0.00,19.00,19.00,19.00,0.00
TEA MUG,NOS,0.00,12.00,12.00,6.00,6.00
IDENTITY CARD WITH HOLDER BADGE,NOS,0.00,2476.00,2476.00,2476.00,0.00
BOOKLET SS 170GSM 8.5*5.5,NOS,0.00,200.00,200.00,13.00,187.00
TRANSPERENT FOLDER 14*10.25,NOS,0.00,195.00,195.00,50.00,145.00
BUTTON CELL FOR WEIGHT SCALE,NOS,0.00,28.00,28.00,13.00,15.00
URINE TUP FOR MRI,NOS,0.00,9.00,9.00,7.00,2.00
ATTENDANCE REGISTER,NOS,0.00,13.00,13.00,11.00,2.00
RUBBER STAMP,NOS,0.00,2.00,2.00,0.00,2.00
VISITING CARD,NOS,0.00,6700.00,6700.00,1650.00,5050.00
14*17 COMMON BAG MULTI COLOUR (NEW),NOS,0.00,156631.00,156631.00,144915.00,11716.00
10*12 COMMON BAG,NOS,0.00,139344.00,139344.00,122800.00,16544.00
BIOPSY NEEDLE C18*20B (17G*17CM),NOS,0.00,97.00,97.00,88.00,9.00
ROMSONS SYRINGE 21Gx1.5 10ML SIZE,NOS,0.00,4310.00,4310.00,4300.00,10.00
PLASTIC SPOON,NOS,0.00,260.00,260.00,150.00,110.00
PAPER DISH DISPOSABLE,NOS,0.00,325.00,325.00,200.00,125.00
WATER BOTTLE 200 ML,NOS,0.00,10106.00,10106.00,9709.00,397.00
UTERINE SOUND,NOS,0.00,1.00,1.00,1.00,0.00
S.S. TRAY 12*10,NOS,0.00,6.00,6.00,4.00,2.00
SAVLON,LTR,0.00,1.00,1.00,0.00,1.00
"SIMS SPECULUM S, M, L SIZE",NOS,0.00,2.00,2.00,2.00,0.00
SPONGE HOLDING FORCE,NOS,0.00,1.00,1.00,0.00,1.00
POVIDONE IODINE SOLUTION (BITADIN),ML,0.00,18000.00,18000.00,17000.00,1000.00
STERIKLIN GEL DEBAC (STERILIN),ML,0.00,25000.00,25000.00,22250.00,2750.00
NITRILE POWDER FREE GLOVES ROMSONS (NEW),NOS,0.00,2400.00,2400.00,2400.00,0.00
WASHING POWDER,GRAM,0.00,286000.00,286000.00,275100.00,10900.00
MOPE WITHOUT STAND,NOS,0.00,190.00,190.00,170.00,20.00
"ROMSONS SYRINGE 23Gx1"" 2ML SIZE",NOS,0.00,6828.00,6828.00,6828.00,0.00
"ROMSONS SYRINGE 23Gx1"" 5ML SIZE",NOS,0.00,4950.00,4950.00,4950.00,0.00
OPG PLASTIC BAG,GRAM,0.00,5450.00,5450.00,5250.00,200.00
NITRILE POWDER FREE GLOVES NULIFE (NEW),NOS,0.00,4000.00,4000.00,4000.00,0.00
PAPER MEMO HOLDER STICK,NOS,0.00,4.00,4.00,4.00,0.00
COMMON ENVELOPE A/5 SIZE (SMALL),NOS,0.00,102710.00,102710.00,93210.00,9500.00
HIV KIT WITH GOOGLES SAF,NOS,0.00,30.00,30.00,27.00,3.00
N-95 FACE MASK,NOS,0.00,2585.00,2585.00,2520.00,65.00
HAND RUB PINK (ALL RUB),ML,0.00,10000.00,10000.00,10000.00,0.00
HAND SANITIZER-BLUE (COROGUARD MAKE),ML,0.00,40000.00,40000.00,40000.00,0.00
NIRMA DETERGENT CAKE SOAP,NOS,0.00,35.00,35.00,35.00,0.00
NITRILE POWDER FREE GLOVES SONOCARE (NEW),NOS,0.00,2000.00,2000.00,2000.00,0.00
ROMSONS SYRINGE 21Gx1.5 20ML SIZE,NOS,0.00,3100.00,3100.00,3100.00,0.00
RL RINGER LACTET INJ. 500ML,NOS,0.00,14.00,14.00,9.00,5.00
DNS (CORE & CLARIS) INJ. 500ML,NOS,0.00,7.00,7.00,5.00,2.00
HYOCIMAX,NOS,0.00,30.00,30.00,21.00,9.00
LIFEBUOY SOAP,NOS,0.00,26.00,26.00,26.00,0.00
PLASTIC BAG FOR X-RAY PLATES (20*30),NOS,0.00,35.00,35.00,30.00,5.00
PLASTIC DISPOSABLE BED SHEET,KGS,0.00,51.00,51.00,51.00,0.00
COTTON WASTE,KGS,0.00,2575.00,2575.00,2335.00,240.00
PLASTIC SOAP CASE,NOS,0.00,5.00,5.00,5.00,0.00
LED BULB,NOS,0.00,20.00,20.00,20.00,0.00
DUSTBIN GARBAGE BLACK BAG,NOS,0.00,30480.00,30480.00,20590.00,9890.00
OXYGEN SET WITH HUMIDIFIER,NOS,0.00,38.00,38.00,34.00,4.00
NITRILE MICRO TOUCH POWDER FREE (300 PCS),NOS,0.00,10421.00,10421.00,10421.00,0.00
BPX DIGITAL MACHINE_ROMSONS MAKE,NOS,0.00,1.00,1.00,1.00,0.00
"CELLO TAPE 1""",NOS,0.00,2.00,2.00,2.00,0.00
DOUBLE GUM TAPE,NOS,0.00,7.00,7.00,5.00,2.00
PAPER BOWL DISPOSABLE,NOS,0.00,175.00,175.00,100.00,75.00
MOUSE & RAT GLUE BOARD,NOS,0.00,74.00,74.00,67.00,7.00
"BENDEXT ROLL 4""x4/6 M",NOS,0.00,1.00,1.00,1.00,0.00
SURGICAL SCISSOR (MAYOS SCISSORES 6),NOS,0.00,1.00,1.00,1.00,0.00
TREGARD G DRESS (6x5),NOS,0.00,2279.00,2279.00,2191.00,88.00
PHOTO PAPER 3.5 12x18 250GSM (M),PKT,0.00,10.00,10.00,0.00,10.00
BULB RED,NOS,0.00,3.00,3.00,3.00,0.00
BONE BIOPSY NEEDLE 13*15,PKT,0.00,1.00,1.00,1.00,0.00
JAMSHIDI NEEDLE BONE MARR 11*10,PKT,0.00,3.00,3.00,1.00,2.00
A/4 PAPER MIX COLOUR,NOS,0.00,800.00,800.00,800.00,0.00
PERMANENT MARKER BLACK,NOS,0.00,49.00,49.00,44.00,5.00
HP COLOUR LASERJET PRO MFT M181fw,NOS,0.00,1.00,1.00,1.00,0.00
BIOPSY NEEDLE C18*25B (18G*25CM),NOS,0.00,72.00,72.00,68.00,4.00
PURIFIED WATER IP (10 Ml) STERILE WATER,NOS,0.00,60.00,60.00,60.00,0.00
DRESSING DRUM 11-9 JOINTLESS,NOS,0.00,2.00,2.00,2.00,0.00
PURIFIED WATER IP (50 Ml) STERILE WATER,ML,0.00,97950.00,97950.00,93600.00,4350.00
NVIDIA GRAPHICS CARD 1GB 2100,NOS,0.00,1.00,1.00,1.00,0.00
MICROBAR SUSPENTION LIQUIDE,ML,0.00,34000.00,34000.00,31000.00,3000.00
PANASONIC CELL SMALL,NOS,0.00,105.00,105.00,105.00,0.00
WOUND TOWEL 70*80,NOS,0.00,54.00,54.00,47.00,7.00
UPS APC 600 VA,NOS,0.00,2.00,2.00,1.00,1.00
SPIDER JALA BROOMS,NOS,0.00,12.00,12.00,5.00,7.00
FEVICOL,NOS,0.00,3.00,3.00,3.00,0.00
CHEATLE FORCEPS,NOS,0.00,1.00,1.00,0.00,1.00
APRON,NOS,0.00,9.00,9.00,1.00,8.00
HCQS 400MG TABLET,NOS,0.00,1020.00,1020.00,1020.00,0.00
RECHARGABLE BATTERY CELL (SMALL),NOS,0.00,42.00,42.00,40.00,2.00
NYLON ROPE (CLOTH HANGING),PKT,0.00,2.00,2.00,2.00,0.00
TRANSPARENT FILE SHEET A4 SIZE,NOS,0.00,18250.00,18250.00,13125.00,5125.00
HAND SANITIZER,ML,0.00,2958000.00,2958000.00,2940500.00,17500.00
RC EPSON PRINETR PAPER A/4,NOS,0.00,20.00,20.00,20.00,0.00
INVERTER BOARD,NOS,0.00,1.00,1.00,0.00,1.00
TRANSFORMER OIL,NOS,0.00,1.00,1.00,0.00,1.00
UV SANITIZATION BOX UV L19,NOS,0.00,2.00,2.00,0.00,2.00
AGRICULTURE SPRAYER 12*12,NOS,0.00,1.00,1.00,0.00,1.00
EXIDE FULLY CHARGE BATTERY POWER SAFE CS7.12,NOS,0.00,71.00,71.00,0.00,71.00
VITAL-Z POWDER,PKT,0.00,3.00,3.00,3.00,0.00
HIGH LIGHTER,NOS,0.00,54.00,54.00,35.00,19.00
CHALK STIC FOR BOARD,BOX,0.00,2.00,2.00,2.00,0.00
FUNNEL,NOS,0.00,4.00,4.00,4.00,0.00
ELEON SPEAKER BT MALHAR,NOS,0.00,1.00,1.00,0.00,1.00
WEBCAM V CNEXT 720P (291662),NOS,0.00,1.00,1.00,1.00,0.00
OT GOWN KIT WITH CAP & MASK,NOS,0.00,30.00,30.00,22.00,8.00
PPE KIT SET,NOS,0.00,55.00,55.00,29.00,26.00
OMNISCAN 0.5MMOL 20ML,ML,0.00,32400.00,32400.00,31400.00,1000.00
WATER BOTTLE 250 ML,NOS,0.00,1008.00,1008.00,1008.00,0.00
SALARY REGISTER,NOS,0.00,9.00,9.00,9.00,0.00
HP22-c0028in Core i3 8th Gen PC,NOS,0.00,1.00,1.00,1.00,0.00
HP TONER CARTRIDGE OTHER-CF511A (CYAN),NOS,0.00,22.00,22.00,21.00,1.00
HP TONER CARTRIDGE OTHER-CF513A (MEGENTA),NOS,0.00,22.00,22.00,21.00,1.00
HP TONER CARTRIDGE OTHER-CF512A (YELLOW),NOS,0.00,22.00,22.00,21.00,1.00
HP TONER CARTRIDGE OTHER-CF510A (BLACK),NOS,0.00,36.00,36.00,35.00,1.00
NIPRO SYRINGE 50 ML SIZE WITHOUT NEEDLE,NOS,0.00,85.00,85.00,15.00,70.00
COMMON LETTER HEAD SMALL SIZE,NOS,0.00,162500.00,162500.00,144050.00,18450.00
PLASTIC MILKY ROLL 130GSM (2.5Ft WIDTH),KGS,0.00,1535.00,1535.00,1522.00,13.00
RUBBER STAMP RHPS,NOS,0.00,2.00,2.00,2.00,0.00
RUBBER STAMP SHIVANI,NOS,0.00,2.00,2.00,2.00,0.00
RUBBER STAMP Dr.SHREYA DESAI,NOS,0.00,1.00,1.00,1.00,0.00
RUBBER STAMP Dr.ARPIT DHEBAR,NOS,0.00,1.00,1.00,1.00,0.00
RUBBER STAMP STORES-RDPL,NOS,0.00,1.00,1.00,1.00,0.00
VITAMIN C WITH ZINC CITVIT TABLET,NOS,0.00,600.00,600.00,510.00,90.00
VITAMIN D3 & CALCIUM TABLET,NOS,0.00,90.00,90.00,90.00,0.00
VITAMIN ZINCOVIT TABLET,NOS,0.00,90.00,90.00,90.00,0.00
PULSE OXY METER (CONTEC- CMS50D),NOS,0.00,1.00,1.00,0.00,1.00
PULSE OXY METER (LIFE LINE),NOS,0.00,1.00,1.00,1.00,0.00
APPLE Care Protection Plan for iMac,NOS,0.00,1.00,1.00,1.00,0.00
CROMA FLAT STEREO CABLE GREY CREE0550,NOS,0.00,1.00,1.00,0.00,1.00
Dell AIO 5490/i5-10th gen/8GB/1TB/2GB Graphics,NOS,0.00,1.00,1.00,1.00,0.00
HP 126nw MultiFunction Laserjet Printer,NOS,0.00,3.00,3.00,1.00,2.00
AMBUS BAG ADULT SILICONE-AN,NOS,0.00,2.00,2.00,2.00,0.00
AMBUS BAG CHILD SILICONE-AN,NOS,0.00,1.00,1.00,1.00,0.00
SODIUM BICARBONATE 10ML-RA,NOS,0.00,5.00,5.00,5.00,0.00
PNDT REGISTER-DAKOR,NOS,0.00,15.00,15.00,12.00,3.00
FEVI KWIIK,NOS,0.00,22.00,22.00,22.00,0.00
SINGLE BED SHEET FOR CT,NOS,0.00,59.00,59.00,59.00,0.00
MOUSE PS2,NOS,0.00,1.00,1.00,1.00,0.00
PEN DRIVE SANDISK-16GB,NOS,0.00,52.00,52.00,40.00,12.00
ANTIVIRUS QUICKHEAL TOTAL SECURITY,NOS,0.00,2.00,2.00,2.00,0.00
NS 100ML INJ.,NOS,0.00,5.00,5.00,5.00,0.00
IV SET DRIPPY ULTRA LAMED,NOS,0.00,56.00,56.00,40.00,16.00
EXTENSION 100CM VEIN O LINE,NOS,0.00,5.00,5.00,2.00,3.00
EXIDE FULLY CHARGE BATTERY ML38B20L,NOS,0.00,1.00,1.00,0.00,1.00
ROMSONS WING CATH 24G YELLOW,NOS,0.00,783.00,783.00,683.00,100.00
ELECTRODES-MRI MSGLT-08GRT DISP.ECG,NOS,0.00,7400.00,7400.00,7150.00,250.00
COMMON LETTER HEAD A/4 SIZE-ANAND,NOS,0.00,389450.00,389450.00,346950.00,42500.00
MEDICAL OXYGEN GAS CYLINDER,BOT,0.00,3.00,3.00,1.00,2.00
FACIAL STEAM 3in1,NOS,0.00,7.00,7.00,6.00,1.00
SAFETY PIN,NOS,0.00,1200.00,1200.00,1200.00,0.00
FDR SE Lite std with Accessories,NOS,0.00,2.00,2.00,1.00,1.00
TRANSPARENT HAND GLOVES,NOS,0.00,1000.00,1000.00,100.00,900.00
D-Link Patch Panal 24 Port,NOS,0.00,2.00,2.00,0.00,2.00
D-Link 0.5 Mtr Patch Code,NOS,0.00,10.00,10.00,10.00,0.00
D-link Cat 6 (305 MTR),BOX,0.00,5.00,5.00,2.00,3.00
8 Channel CCTV Power Supply (SMPS),NOS,0.00,2.00,2.00,2.00,0.00
Matrix EPABX 2 x 6,NOS,0.00,1.00,1.00,1.00,0.00
Beetel Telephone Handset,NOS,0.00,2.00,2.00,2.00,0.00
Beetel Caller ID Phone,NOS,0.00,14.00,14.00,3.00,11.00
MATRIX FOT Machine (Attedance Machine),NOS,0.00,4.00,4.00,4.00,0.00
NAME PLATE LASER,NOS,0.00,8.00,8.00,0.00,8.00
PLASTIC BAG FOR PATIENT FILE,NOS,0.00,2480.00,2480.00,2240.00,240.00
UBNT POWERBEAM (UBIQUITI PBE-M5-400),NOS,0.00,1.00,1.00,1.00,0.00
OTHER CHARGES,NOS,0.00,1.00,1.00,0.00,1.00
HARDDISK 4TB WD PURPLE,NOS,0.00,5.00,5.00,3.00,2.00
NITRILE MICRO TOUCH POWDER FREE (150 PCS),NOS,0.00,13510.00,13510.00,13510.00,0.00
HDMI CABLE 15MTR,NOS,0.00,4.00,4.00,4.00,0.00
HYDROCORT INJECTION 100MG,NOS,0.00,252.00,252.00,222.00,30.00
SPINAL NEEDLE NO.27 GREY,NOS,0.00,1.00,1.00,0.00,1.00
TRUCATH FOLEY BALOON CATH 20G,NOS,0.00,90.00,90.00,90.00,0.00
NEEDLE DESTROYER,NOS,0.00,3.00,3.00,3.00,0.00
NIPRO WING CATH 18G GREEN,NOS,0.00,2.00,2.00,2.00,0.00
EXTENTION ELE-BOARD WITH 1 MTR CABLE 4Px4S,NOS,0.00,3.00,3.00,3.00,0.00
SAG POWER ONLINE UPS SYSTEM 6.0KVA With ISO-X'MER ,NOS,0.00,1.00,1.00,0.00,1.00
SMF BATTERY 7AH-12V DC,NOS,0.00,84.00,84.00,0.00,84.00
BATTERY BOX,NOS,0.00,1.00,1.00,0.00,1.00
LEAD APRON (0.5MM) 60x110 CM,NOS,0.00,4.00,4.00,4.00,0.00
TEA-WAGH BAKRI 1kg,GRAM,0.00,2500.00,2500.00,2500.00,0.00
SUGAR,GRAM,0.00,13094.00,13094.00,6040.00,7054.00
TEA PAN SET,NOS,0.00,2.00,2.00,2.00,0.00
WALL HANGER,NOS,0.00,9.00,9.00,5.00,4.00
STEEL SERVING SPOON,NOS,0.00,3.00,3.00,3.00,0.00
ELCB 3PH GELCO-63A,NOS,0.00,1.00,1.00,0.00,1.00
ANCHOR 4.0SQMM COPPER WIRE,NOS,0.00,5.00,5.00,0.00,5.00
POWER CABLE 2C & FIRE FEETING MATERIAL,MTR,0.00,10.00,10.00,10.00,0.00
PAINT WHITE EMULSION BW1,LTR,0.00,4.00,4.00,0.00,4.00
SANDING PAPER-150 NO,NOS,0.00,2.00,2.00,0.00,2.00
EXTENTION TUBE 150CM For HPS 100/200 ML,NOS,0.00,540.00,540.00,540.00,0.00
ROSE SET MH03 with BODY CYLINDER,NOS,0.00,2.00,2.00,0.00,2.00
DOOR CLOSER SRISMA,NOS,0.00,1.00,1.00,0.00,1.00
PVC BOX 5x5 FOR CAMERA,NOS,0.00,16.00,16.00,1.00,15.00
DEHUMIDIFIER (NS-22-20L),NOS,0.00,2.00,2.00,1.00,1.00
CANON PRINTER 2900,NOS,0.00,6.00,6.00,4.00,2.00
FULL SCAPE BOOK-200 PAGE,NOS,0.00,13.00,13.00,13.00,0.00
DURACELL SMALL,NOS,0.00,60.00,60.00,56.00,4.00
AXIAL ENCODER (USED),NOS,0.00,1.00,1.00,0.00,1.00
NOTEBOOK 100 PAGES,NOS,0.00,57.00,57.00,40.00,17.00
STICKER 5x5 No Seating,NOS,0.00,100.00,100.00,100.00,0.00
BIOPSY GUN-18*20,NOS,0.00,2.00,2.00,2.00,0.00
BED SHEET WHITE,NOS,0.00,200.00,200.00,200.00,0.00
CHAIR-STAFF (802),NOS,0.00,4.00,4.00,0.00,4.00
STICKER SHEET A/4 SIZE,NOS,0.00,315.00,315.00,5.00,310.00
SUCTION MACHINE PORTABLE,NOS,0.00,1.00,1.00,1.00,0.00
DIWALI STICKER 4.5x2.8,NOS,0.00,650.00,650.00,0.00,650.00
FACE MASK with LOGO,NOS,0.00,5500.00,5500.00,5500.00,0.00
PANEL LIGHT 18W,NOS,0.00,1.00,1.00,0.00,1.00
WHEEL CHAIR,NOS,0.00,7.00,7.00,1.00,6.00
STRETCHER TROLLEY with CYLINDER STAND,NOS,0.00,1.00,1.00,1.00,0.00
HARDDISK 4TB NAS,NOS,0.00,7.00,7.00,6.00,1.00
XYLOCAINE 2% JELLY (30MG),GRAM,0.00,17700.00,17700.00,17402.00,298.00
HP COMP.TONER CARTRIDGE 204A (BLACK),NOS,0.00,21.00,21.00,19.00,2.00
HP COMP.TONER CARTRIDGE 204A COLOUR (CYAN),NOS,0.00,13.00,13.00,11.00,2.00
HP COMP.TONER CARTRIDGE 204A COLOUR (YELLOW),NOS,0.00,9.00,9.00,8.00,1.00
HP COMP.TONER CARTRIDGE 204A COLOUR (MAGENTA),NOS,0.00,12.00,12.00,10.00,2.00
COURIER COVER 11*14 SIZE,NOS,0.00,15.00,15.00,15.00,0.00
MOUSE M90 USB-LOGITECH,NOS,0.00,11.00,11.00,8.00,3.00
POWER CODE LAPTOP,NOS,0.00,6.00,6.00,1.00,5.00
MOBILE SAMSUNG M01 2+32GB,NOS,0.00,4.00,4.00,3.00,1.00
DAHUA CAMERA DOME (DH-HAC-HDW1220RP),NOS,0.00,1.00,1.00,1.00,0.00
CONNECTOR LINK RJ45,NOS,0.00,352.00,352.00,252.00,100.00
WOOL COTTON ROLL,NOS,0.00,26.00,26.00,24.00,2.00
"HANDLE SEMI 4""",NOS,0.00,1.00,1.00,0.00,1.00
PATCH CODE 1 MTR,NOS,0.00,50.00,50.00,0.00,50.00
PATCH CODE 2 MTR,NOS,0.00,25.00,25.00,0.00,25.00
CONSENT FORM MRI COMMON,NOS,0.00,231.00,231.00,226.00,5.00
TYRE FOR SKODA-GJ23 AN 0028 205/65 R15,NOS,0.00,1.00,1.00,0.00,1.00
LUBI SUBMERSIBLE PUMP 1HP,NOS,0.00,1.00,1.00,0.00,1.00
X RAY MARS 42KW/125KV M/C,NOS,0.00,1.00,1.00,0.00,1.00
IRON DRY PHILIPS,NOS,0.00,1.00,1.00,1.00,0.00
FOOT MAT GREY-GRASS,NOS,0.00,1.00,1.00,1.00,0.00
DUSTBIN BUCKET SMALL,NOS,0.00,2.00,2.00,2.00,0.00
BATH PLASTIC TUP,NOS,0.00,5.00,5.00,4.00,1.00
MOUSE USB LENOVO,NOS,0.00,6.00,6.00,4.00,2.00
URINAL SCREEN,NOS,0.00,10.00,10.00,3.00,7.00
COOLANT EC00184 (READY TO USE),LTR,0.00,20.00,20.00,0.00,20.00
DIARY,NOS,0.00,500.00,500.00,102.00,398.00
PO ET TUBE-3,NOS,0.00,4.00,4.00,4.00,0.00
PO ET TUBE-4,NOS,0.00,4.00,4.00,4.00,0.00
PO ET TUBE-5,NOS,0.00,4.00,4.00,4.00,0.00
PO ET TUBE-6,NOS,0.00,4.00,4.00,4.00,0.00
PO ET TUBE-7,NOS,0.00,4.00,4.00,4.00,0.00
PO ET TUBE-8,NOS,0.00,4.00,4.00,4.00,0.00
PANASONIC CORDLESS 3811 MODEL,NOS,0.00,2.00,2.00,1.00,1.00
WEBCAM LOGITECH C270,NOS,0.00,4.00,4.00,1.00,3.00
ENVELOP (BLUE),NOS,0.00,18000.00,18000.00,6150.00,11850.00
ENVELOP (YELLOW),NOS,0.00,8000.00,8000.00,3500.00,4500.00
ENVELOP (GREEN),NOS,0.00,9000.00,9000.00,3010.00,5990.00
ENVELOP (WHITE),NOS,0.00,5500.00,5500.00,2500.00,3000.00
THERMOMETER DIGITAL,NOS,0.00,2.00,2.00,2.00,0.00
DAHUA XVR 8-VIDEO & 1-AUDIO,NOS,0.00,1.00,1.00,1.00,0.00
"T SHIRT (S,M,L,XL,XLL-SIZE)",NOS,0.00,83.00,83.00,83.00,0.00
UROSCAN 76,ML,0.00,2080.00,2080.00,2080.00,0.00
ZIP BAG 14x18 SIZE,NOS,0.00,50.00,50.00,50.00,0.00
DEPT. CLEANING CHECKLIST BOOK,NOS,0.00,16.00,16.00,7.00,9.00
CONSENT FORM BIOPSY COMMON,NOS,0.00,5.00,5.00,5.00,0.00
DAHUA DH-IPC-HDW1230T1P-S4 IP camera (2.8 mm),NOS,0.00,17.00,17.00,5.00,12.00
PUNCH LARGE SIZE,NOS,0.00,4.00,4.00,3.00,1.00
TONNER 12A COMP.(CHINA),NOS,0.00,10.00,10.00,10.00,0.00
PLIER FOR EARING REMOVAL,NOS,0.00,10.00,10.00,10.00,0.00
Lead sheet (1.5MM) suppling 7X4 FEET,SQ.FT,0.00,28.00,28.00,0.00,28.00
HEIGHT CHART,NOS,0.00,1.00,1.00,1.00,0.00
ROAD BRUSH PLASTIC,NOS,0.00,2.00,2.00,2.00,0.00
STRATURE COTTON CLOTH,NOS,0.00,11.00,11.00,11.00,0.00
REFERENCE BOOK FOR UMRETH,NOS,0.00,1670.00,1670.00,1470.00,200.00
CABLE CAT 6 4C,MTR,0.00,1710.00,1710.00,555.00,1155.00
RACK 4 U (1-PDU & 1FAN),NOS,0.00,3.00,3.00,1.00,2.00
FLYER A5 SIZE,NOS,0.00,4000.00,4000.00,0.00,4000.00
TAPE DISPENSER,NOS,0.00,1.00,1.00,0.00,1.00
PNDT BOOK FOR UMRETH,NOS,0.00,40.00,40.00,28.00,12.00
DISINFECTANT SPRAY,ML,0.00,2025.00,2025.00,2025.00,0.00
USB CTO HDMI,NOS,0.00,2.00,2.00,1.00,1.00
DAIKIN AC SPLIT UNIT-0.8TR,SET,0.00,1.00,1.00,0.00,1.00
DAIKIN AC SPLIT UNIT-1.5TR,SET,0.00,7.00,7.00,0.00,7.00
ARALDITE,NOS,0.00,1.00,1.00,0.00,1.00
UPS ON LINE 3KVA FUJI (BUILT IN BATTERIES),SET,0.00,2.00,2.00,0.00,2.00
RECEIPT PAPER FOR UMRETH,NOS,0.00,3000.00,3000.00,1500.00,1500.00
RECEIPT PAPER FOR SHASWAT-100 FT RD,NOS,0.00,3000.00,3000.00,0.00,3000.00
ELECTRIC BLOWER,NOS,0.00,1.00,1.00,1.00,0.00
ASSAMBLE SYSTEM 16GB-1TB WITH LICENCE ,SET,0.00,2.00,2.00,1.00,1.00
TONNER 12A HP,NOS,0.00,25.00,25.00,25.00,0.00
SMPS ATX INTEX,NOS,0.00,3.00,3.00,3.00,0.00
DAIKIN AC FDMR36 (3.0 TR),SET,0.00,2.00,2.00,0.00,2.00
TISSUE PAPER NAPKIN (100 NOS),NOS,0.00,602801.00,602801.00,595101.00,7700.00
PRINTER CANON DR-C225 DOCUMENT SCANNER,NOS,0.00,3.00,3.00,2.00,1.00
LEAD SHEET-1MM,FT,0.00,46.00,46.00,0.00,46.00
SMF BATTERY 42AH-12V DC-QUANTA,NOS,0.00,45.00,45.00,30.00,15.00
SMF BATTERY 65AH-12V DC-QUANTA,NOS,0.00,91.00,91.00,30.00,61.00
PANASONIC CORDLESS 3611 MODEL,NOS,0.00,6.00,6.00,3.00,3.00
PANASONIC CORDLESS PHONE,NOS,0.00,1.00,1.00,1.00,0.00
BPX DIGITAL MACHINE,NOS,0.00,4.00,4.00,3.00,1.00
KEY BOARD USB,NOS,0.00,5.00,5.00,3.00,2.00
REFERENCE BOOK FOR KHAMBHAT,NOS,0.00,550.00,550.00,550.00,0.00
DAIKIN AC SPLIT UNIT-1.8TR,SET,0.00,1.00,1.00,0.00,1.00
BEAKER 125 ML,NOS,0.00,1.00,1.00,0.00,1.00
HIGH PRESSURE SYRINGE 200 ML (PN-100101),NOS,0.00,20.00,20.00,18.00,2.00
DELL WIRELESS KEYBOARD & MOUSE KM117,NOS,0.00,1.00,1.00,1.00,0.00
11*14 COMMON BAG,NOS,0.00,34496.00,34496.00,28700.00,5796.00
RACK 9U WITH ACCESSORIES,SET,0.00,2.00,2.00,1.00,1.00
SAFETY BELT FOR WHEEL CHAIR,NOS,0.00,12.00,12.00,0.00,12.00
DAHUA 2 M.P. CAMERA DOME (DH-HAC-HDW1239TLP-A LED),NOS,0.00,7.00,7.00,0.00,7.00
LOCK AND KEY,NOS,0.00,4.00,4.00,4.00,0.00
PAYMENT VOUCHER BOOK,NOS,0.00,7.00,7.00,5.00,2.00
ETERNITY NE VMS,NOS,0.00,1.00,1.00,0.00,1.00
REVOLVING CHAIR,NOS,0.00,3.00,3.00,0.00,3.00
MESS SCRUB,NOS,0.00,14.00,14.00,10.00,4.00
INJECTOR SYSTEM VISTRON PLUS With IR REMOTE,NOS,0.00,1.00,1.00,0.00,1.00
BATTERY DISTILLED WATER,ML,0.00,190000.00,190000.00,0.00,190000.00
BATTER RECHARGABLE,NOS,0.00,1.00,1.00,0.00,1.00
DAHUA 32CH NVR 2SATA 200 MBPS,NOS,0.00,1.00,1.00,1.00,0.00
POE SWITCH AE CONNECTOR 10/100,NOS,0.00,1.00,1.00,1.00,0.00
ROMSONS WING CATH 20G PINK,NOS,0.00,10835.00,10835.00,10235.00,600.00
ROMSONS WING CATH 18G GREEN,NOS,0.00,486.00,486.00,400.00,86.00
ROMSONS WING CATH 22G BLUE,NOS,0.00,3501.00,3501.00,3251.00,250.00
USB TO LAN 3.0 GIGA,NOS,0.00,1.00,1.00,1.00,0.00
DUSTBIN BUCKET R-Y-BL-BK,NOS,0.00,38.00,38.00,38.00,0.00
DUSTBIN BUCKET 60LTR BIG,NOS,0.00,6.00,6.00,2.00,4.00
DOOR MAT GREY,SQ.FT,0.00,372.00,372.00,308.00,64.00
PRINTER THERMAL SONY,NOS,0.00,3.00,3.00,3.00,0.00
"MEDI TAPE SURGICAL SIZE-1""",NOS,0.00,12.00,12.00,12.00,0.00
LENOVO TABLET M8 2-32GB,NOS,0.00,6.00,6.00,6.00,0.00
"THINK SYSTEM 3.5"" INTEL S4510 960GB SATA 6GB SSD",SET,0.00,1.00,1.00,1.00,0.00
BATTERY RECHARGABLE PHILIPS 4W,NOS,0.00,2.00,2.00,2.00,0.00
"FORCEPS 6""",NOS,0.00,1.00,1.00,1.00,0.00
"FORCEPS 8""",NOS,0.00,1.00,1.00,1.00,0.00
FLUSHING CURTLE,NOS,0.00,1.00,1.00,1.00,0.00
VAGINAL WALL RITRACTOR,NOS,0.00,1.00,1.00,1.00,0.00
DIALATOR SET,NOS,0.00,3.00,3.00,3.00,0.00
HOLE TOWEL LINEN,NOS,0.00,5.00,5.00,5.00,0.00
OXYGEN CYLINDER TROLLEY,NOS,0.00,5.00,5.00,3.00,2.00
WEIGHT SCALE DIGITAL GLASS 180KGS,NOS,0.00,6.00,6.00,2.00,4.00
GENERATOR COOLING FAN,NOS,0.00,1.00,1.00,0.00,1.00
EPSON PRINTER INK COLOUR-003 L3110,NOS,0.00,192.00,192.00,172.00,20.00
FILE FOLDER CLOTH for CME,NOS,0.00,100.00,100.00,0.00,100.00
DIAZEPAM INJ,NOS,0.00,30.00,30.00,15.00,15.00
CAMERA BULLET CCTV,NOS,0.00,2.00,2.00,2.00,0.00
CAMERA DOME CCTV,NOS,0.00,1.00,1.00,1.00,0.00
CAMERA DOME IP CCTV,NOS,0.00,13.00,13.00,13.00,0.00
CAMERA BULLET IP CCTV,NOS,0.00,6.00,6.00,1.00,5.00
WATCH WALL For CME,NOS,0.00,200.00,200.00,1.00,199.00
MEASURING STATURE METER,NOS,0.00,1.00,1.00,1.00,0.00
HOLE TOWEL LINEN LONG SIZE,NOS,0.00,1.00,1.00,1.00,0.00
3 WAY STOP COCK WITH EXT. LINE,NOS,0.00,10.00,10.00,3.00,7.00
"LENOVO SYSTEM I3-10th 8GB-1TB-18.5"" WITH 256GB SSD",SET,0.00,1.00,1.00,1.00,0.00
AC SPLIT UNIT CRUSE-1TR,NOS,0.00,1.00,1.00,0.00,1.00
PETRI DISHES PLASTIC-USG,NOS,0.00,10.00,10.00,0.00,10.00
DROPPER PLASTIC-USG,NOS,0.00,10.00,10.00,0.00,10.00
SSD 240 GB ADATA,NOS,0.00,2.00,2.00,1.00,1.00
REFERENCE BOOK FETAL MEDICINE,NOS,0.00,150.00,150.00,118.00,32.00
KIDNEY TRAY,NOS,0.00,13.00,13.00,11.00,2.00
"FORCEPS 10"" CHITTLE",NOS,0.00,1.00,1.00,0.00,1.00
GAUZE SWAB 5x5,NOS,0.00,35.00,35.00,22.00,13.00
TRANSPERENT FOLDER,NOS,0.00,12.00,12.00,12.00,0.00
CONSENT FORM OBS FETAL MEDICINE,NOS,0.00,20.00,20.00,0.00,20.00
N S SODIUM BOTTLE 100 ML,ML,0.00,11100.00,11100.00,8151.00,2949.00
PLASTIC BOX,NOS,0.00,10.00,10.00,1.00,9.00
WATER GLASS PAPER BASE,NOS,0.00,244200.00,244200.00,210200.00,34000.00
PLASTIC FOLDING TABLE,NOS,0.00,1.00,1.00,1.00,0.00
GE USG MC VOLUSON E8 BT21 LCD with Accessories,NOS,0.00,1.00,1.00,0.00,1.00
CONTRAPAQUE 50ML,ML,0.00,104500.00,104500.00,100000.00,4500.00
DAHUA CAMERA-IPC-HDW-2230-TP-AS-S2,NOS,0.00,7.00,7.00,7.00,0.00
"CALENDAR 2022 (14""x19"")",NOS,0.00,1350.00,1350.00,0.00,1350.00
EXIDE FULLY CHARGE BATTERY EP-100-12,NOS,0.00,4.00,4.00,0.00,4.00
BED MOTOR,NOS,0.00,1.00,1.00,0.00,1.00
RECON BOX POWER SUPPLY,NOS,0.00,1.00,1.00,1.00,0.00
EPSON PRINTER INK BLACK-003 L3110,NOS,0.00,64.00,64.00,52.00,12.00
HARDDISK LENOVO 2.4TB 12GB 12K SAS,NOS,0.00,1.00,1.00,1.00,0.00
PANASONIC CELL EXTRA BIG 0.6V,NOS,0.00,4.00,4.00,4.00,0.00
STICKER SHEET-CONTRAST,NOS,0.00,5000.00,5000.00,0.00,5000.00
PANASONIC CORDLESS 3711 MODEL,NOS,0.00,1.00,1.00,1.00,0.00
AVIL INJECTION 10ML,ML,0.00,60.00,60.00,30.00,30.00
ONDANSETRON INJ. ETERNA 10ML,ML,0.00,30.00,30.00,30.00,0.00
CALCIUM GLUCONATE 10ML,ML,0.00,100.00,100.00,50.00,50.00
LAN JOINTER D-LINK,NOS,0.00,5.00,5.00,5.00,0.00
STABILIZER 75KVA WITH STEP DOWN X'MER,NOS,0.00,2.00,2.00,1.00,1.00
CT SPARE PART-SERVO MOTOR-AMPLIFIER-CLUTCH ASSLY,NOS,0.00,1.00,1.00,0.00,1.00
BATTERY AMRON QUANTA 12V-7.2AH,NOS,0.00,10.00,10.00,0.00,10.00
ID CARD HOLDER NYLON STRING,PKT,0.00,1.00,1.00,1.00,0.00
STICKY NOTE,NOS,0.00,361.00,361.00,333.00,28.00
USG LOGIQ P10XD WITH 6 PROBES,NOS,0.00,1.00,1.00,0.00,1.00
CLIP BOARD EXAM PAD,NOS,0.00,8.00,8.00,6.00,2.00
MULTI PARA METER (5 PARA) WITH TOUCH SCREEN,NOS,0.00,1.00,1.00,0.00,1.00
ADAPTER LENOVO 120W (AIO),NOS,0.00,1.00,1.00,1.00,0.00
BIKE-GJ06-DE-1883-BORSAD,NOS,0.00,1.00,1.00,0.00,1.00
UPS ON LINE 3KVA K-STAR (BUILT IN BATTERIES),NOS,0.00,2.00,2.00,0.00,2.00
NEEDLE DESTROYER ELECTRICAL,NOS,0.00,4.00,4.00,3.00,1.00
PRINTER EPSON L-805,NOS,0.00,1.00,1.00,1.00,0.00
"LENOVO SYSTEM I3-10th 8GB-1TB-18.5"" 120GB NVME",SET,0.00,1.00,1.00,1.00,0.00
TYRE 165/70 R14 CONTINENTAL CC6,NOS,0.00,4.00,4.00,0.00,4.00
MS LEDDER,NOS,0.00,1.00,1.00,1.00,0.00
MS FIRE BUCKET,NOS,0.00,2.00,2.00,2.00,0.00
TYRE PRESSURE METER (GAUGE),NOS,0.00,2.00,2.00,2.00,0.00
PO ET TUBE-2,NOS,0.00,4.00,4.00,4.00,0.00
PO ET TUBE 2.5,NOS,0.00,4.00,4.00,4.00,0.00
PO ET TUBE 3.5,NOS,0.00,4.00,4.00,4.00,0.00
PO ET TUBE 4.5,NOS,0.00,4.00,4.00,4.00,0.00
PO ET TUBE 6.5,NOS,0.00,2.00,2.00,2.00,0.00
PO ET TUBE 7.5,NOS,0.00,4.00,4.00,4.00,0.00
PO ET TUBE 9.5,NOS,0.00,4.00,4.00,4.00,0.00
GUEDEL AIRWAYS 1,NOS,0.00,2.00,2.00,2.00,0.00
GUEDEL AIRWAYS 2,NOS,0.00,2.00,2.00,2.00,0.00
GUEDEL AIRWAYS 3,NOS,0.00,4.00,4.00,4.00,0.00
GUEDEL AIRWAYS 4,NOS,0.00,4.00,4.00,4.00,0.00
DUSTBIN BUCKET 80LTR BIG,NOS,0.00,2.00,2.00,2.00,0.00
SMOKE DETECTOR RE-326,NOS,0.00,1.00,1.00,1.00,0.00
APPRON WHITE LARGE,NOS,0.00,22.00,22.00,4.00,18.00
APPRON WHITE MEDIUM,NOS,0.00,25.00,25.00,4.00,21.00
APPRON WHITE XL,NOS,0.00,11.00,11.00,1.00,10.00
DUSTING CLOTH,NOS,0.00,9.00,9.00,0.00,9.00
PRINTER EPSON L-3210,NOS,0.00,2.00,2.00,1.00,1.00
SUCTION CATHETER FG8,NOS,0.00,4.00,4.00,4.00,0.00
SUCTION CATHETER FG16,NOS,0.00,4.00,4.00,4.00,0.00
LENOVO SYSTEM I3-10th 2x8GB-1TB-128GB NVME-DOS,SET,0.00,1.00,1.00,1.00,0.00
DUSTBIN BUCKET 25LTR,NOS,0.00,2.00,2.00,2.00,0.00
CLOTH BUCKET GREY,NOS,0.00,5.00,5.00,4.00,1.00
PLASTIC UNBRAKABLE TABLE,NOS,0.00,2.00,2.00,2.00,0.00
DUSTBIN BUCKET 13LTR,NOS,0.00,9.00,9.00,5.00,4.00
SS 304 WHEEL CHAIR (FOLDING TYPE),NOS,0.00,2.00,2.00,2.00,0.00
SS 304 STRETCHER,NOS,0.00,2.00,2.00,2.00,0.00
Lead sheet (1.5MM) 7X3 FEET,NOS,0.00,20.00,20.00,0.00,20.00
DAHUA DVR 8 CHANNEL DH-XVR 4A08,NOS,0.00,1.00,1.00,1.00,0.00
DAHUA 2 M.P. CAMERA BULLET (DH-HAC-B1A21P),NOS,0.00,2.00,2.00,2.00,0.00
DAHUA 2 M.P. CAMERA DOME (DH-HAC-T1A21P),NOS,0.00,4.00,4.00,4.00,0.00
HARDDISK 2TB SATA,NOS,0.00,1.00,1.00,1.00,0.00
CCTV 3+1 Copper wire,MTR,0.00,180.00,180.00,180.00,0.00
PULSE OXY METER HAND HANDI,NOS,0.00,3.00,3.00,3.00,0.00
ROMSONS SYRINGE 1ML SIZE,NOS,0.00,200.00,200.00,100.00,100.00
BIOPSY FORM,NOS,0.00,19.00,19.00,12.00,7.00
LEGAL SIZE XEROX PAPER,NOS,0.00,1500.00,1500.00,1500.00,0.00
DAHUA 2MP DOME IP CAMERA AUDIO,NOS,0.00,23.00,23.00,4.00,19.00
POE SWITCH 2UP-1SFP PORT 16CH,NOS,0.00,1.00,1.00,1.00,0.00
O2 FORM,NOS,0.00,19.00,19.00,4.00,15.00
STAFF CHECKLIST FORM,NOS,0.00,2.00,2.00,0.00,2.00
SSD 256 GB ADATA,NOS,0.00,1.00,1.00,1.00,0.00
LABLE PRINTER TSC TE 244,NOS,0.00,2.00,2.00,1.00,1.00
SSD 512 GB HARDDISK (APPLE COMPITIBLE),NOS,0.00,1.00,1.00,0.00,1.00
DLINK LAN SWITCH 8 PORT 10/100,NOS,0.00,3.00,3.00,1.00,2.00
DLINK LAN SWITCH 8 PORT 10/100/1000,NOS,0.00,1.00,1.00,1.00,0.00
PRINTER THERMAL SONY UPD 898,NOS,0.00,1.00,1.00,0.00,1.00
ATTENDENCE REGISTER 200 PAGE,NOS,0.00,3.00,3.00,2.00,1.00
ELECTRIC IRON DRY USHA,NOS,0.00,1.00,1.00,1.00,0.00
N S SODIUM BOTTLE 500 ML,ML,0.00,265500.00,265500.00,256000.00,9500.00
CARRY BAGS FOR ALL REPORT,NOS,0.00,10.00,10.00,5.00,5.00
INJECTOR TUBE DUAL HEAD MEDRED,NOS,0.00,265.00,265.00,247.00,18.00
DUSTBIN BLACK BAGS 30*50,KGS,0.00,26.00,26.00,14.00,12.00
PLASTIC DORI FOR PACKING,NOS,0.00,1.00,1.00,0.00,1.00
"LENOVO SYSTEM I3-10th 8GB-18.5"" WITH 256GB SSD",SET,0.00,1.00,1.00,0.00,1.00
DVD WRITER EXT,NOS,0.00,6.00,6.00,0.00,6.00
MOBILE MI-9 ACTIVE 4-64GB,NOS,0.00,1.00,1.00,0.00,1.00
STAPLER BIG SIZE,NOS,0.00,1.00,1.00,1.00,0.00
FIRE EXTINGUISHER CO2 4.5KG,NOS,0.00,2.00,2.00,0.00,2.00
FIRE EXTINGUISHER ABC 6KG,NOS,0.00,2.00,2.00,0.00,2.00
PRESSURE SWITCH,NOS,0.00,1.00,1.00,0.00,1.00
RAM 4GB DDR3,NOS,0.00,4.00,4.00,0.00,4.00
POE SWITCH 8+2 82N,NOS,0.00,1.00,1.00,0.00,1.00
NVR 1108 HS,NOS,0.00,1.00,1.00,0.00,1.00
DAHUA 8 PORT LAN-DHPFS3008-8ET-L,NOS,0.00,2.00,2.00,0.00,2.00
ANIMAL IMAGING BROUCHER,NOS,0.00,1000.00,1000.00,600.00,400.00
RECEIPT PAPER FOR BALASINOR,NOS,0.00,2000.00,2000.00,2000.00,0.00
REFERENCE BOOK FOR BALASINOR,NOS,0.00,698.00,698.00,398.00,300.00
BEETEL CORDLESS PHONE X-70 BLACK,NOS,0.00,1.00,1.00,0.00,1.00
WI-FI ROUTER,NOS,0.00,1.00,1.00,0.00,1.00
SONOGEL CUIBONO,NOS,0.00,4107.00,4107.00,4107.00,0.00
FUJI ELECTRIC CONSUL 6KVA-UPS,NOS,0.00,1.00,1.00,0.00,1.00
GUTTER CHEMICAL,CAN,0.00,19.00,19.00,8.00,11.00
SMF BATTERY 26AH-12V DC-QUANTA,NOS,0.00,15.00,15.00,0.00,15.00
BETALOC 25MG TABLET (METOPROROL),NOS,0.00,930.00,930.00,870.00,60.00
LEK PAMIDOL 370 (100ml),ML,0.00,79000.00,79000.00,79000.00,0.00
THALASSEMIA FLYER,NOS,0.00,1000.00,1000.00,0.00,1000.00
SURGICAL DRAPE POLYMER SHEET,NOS,0.00,15.00,15.00,9.00,6.00
NITROGLYCERIN CAPSULE,NOS,0.00,25.00,25.00,25.00,0.00
SONY THERMAL PAPER NORMAL,NOS,0.00,130.00,130.00,130.00,0.00
"ASUS SYSTEM I3-10th 8GB-1TB-22""LED-128GB NVME",SET,0.00,1.00,1.00,0.00,1.00
UPS 80KVA WITH ACCESSORIES,NOS,0.00,1.00,1.00,0.00,1.00
IOMERON 400MG 100ML,ML,0.00,21000.00,21000.00,21000.00,0.00
HAIR REMOVER SKIN BLADE,NOS,0.00,50.00,50.00,15.00,35.00
CT ANGIOGRAPHY BROCHURE GUJARATI,NOS,0.00,6500.00,6500.00,4650.00,1850.00
CT ANGIOGRAPHY BROCHURE ENGLISH,NOS,0.00,1500.00,1500.00,700.00,800.00
COPIER PAPER JK GREEN,NOS,0.00,315000.00,315000.00,280101.00,34899.00
IOMERON 400MG 50ML,ML,0.00,1000.00,1000.00,1000.00,0.00
UPS 1KVA ARTIS ONLINE,SET,0.00,2.00,2.00,0.00,2.00
DOOR MAT GREY ANTI SLIP,NOS,0.00,24.00,24.00,5.00,19.00
DISINFECTANT BACILLOCID SPRAY,ML,0.00,500.00,500.00,0.00,500.00
U PIN HOLDING,PKT,0.00,2.00,2.00,0.00,2.00
THYROID SHIELD 0.5MM,NOS,0.00,3.00,3.00,3.00,0.00
STEEL HANGER FOR LEAD APRON,NOS,0.00,5.00,5.00,5.00,0.00
EPSON ECOTANK L6460 A4 INK TANK PRINTER,NOS,0.00,1.00,1.00,0.00,1.00
CT ANGIOGRAPHY CHEKLIST ENGLISH-GUJARATI,NOS,0.00,15.00,15.00,7.00,8.00
BLACK-I TYPE C BI-TCUL HUN WITH GIGA LAN,NOS,0.00,1.00,1.00,0.00,1.00
LOGITECH R400 2.4GHZ PRESENTER,NOS,0.00,1.00,1.00,0.00,1.00
MANUAL WALKER,NOS,0.00,2.00,2.00,1.00,1.00
EPSON PRINTER INK BLACK-008 L6460,NOS,0.00,9.00,9.00,9.00,0.00
EPSON PRINTER INK COLOR-008 L6460,NOS,0.00,16.00,16.00,13.00,3.00
BATTERY 12V 150-PSQ-GENERATOR,NOS,0.00,2.00,2.00,0.00,2.00
SPO2 PROBE ,NOS,0.00,3.00,3.00,1.00,2.00
ADHESIVE BANDAGE MEDI NORM,NOS,0.00,400.00,400.00,400.00,0.00
VERTICAL BUCKY COLUMN STAND WITH TRAY,NOS,0.00,1.00,1.00,0.00,1.00
BREAST LOCALIZATION WIRE BARD-20x9,NOS,0.00,1.00,1.00,1.00,0.00
BREAST LOCALIZATION WIRE BARD-20x10.7,NOS,0.00,2.00,2.00,2.00,0.00
AUTO SPRAY FRAGRANCE REFILL,NOS,0.00,20.00,20.00,20.00,0.00
CARESTREAM CS-8100 ACCESS 110V-230V,SET,0.00,1.00,1.00,0.00,1.00
CMC CS-8100 3Y OPG,SET,0.00,1.00,1.00,0.00,1.00
METOPROLOL INJ.,NOS,0.00,50.00,50.00,45.00,5.00
MESS LEQUIDE,ML,0.00,2000.00,2000.00,2000.00,0.00
"CALENDAR 2023 (14""x19"")",NOS,0.00,2000.00,2000.00,0.00,2000.00
"ASUS SYSTEM EXPERT CENTER 8+8GB-1TB+256-22""LED",SET,0.00,1.00,1.00,0.00,1.00
PORTABLE ACHINE EZAIR PLUS MODEL,NOS,0.00,1.00,1.00,0.00,1.00
LETTERHEAD ROENTGEN DIAGNOSTICS,NOS,0.00,2000.00,2000.00,1482.00,518.00
TPLINK AMADA ER 605 VPN,NOS,0.00,2.00,2.00,0.00,2.00
CLARISCAN 0.5,ML,0.00,50.00,50.00,50.00,0.00
HARDDISK 14TB SEAGATE HDD,NOS,0.00,3.00,3.00,0.00,3.00
FIBER OPTIC PATCH CORD 5MTR,NOS,0.00,6.00,6.00,0.00,6.00
ADHESIVE HOOK,NOS,0.00,10.00,10.00,2.00,8.00
12A REFILL TONNER,NOS,0.00,237.00,237.00,227.00,10.00
88A REFILL TONNER,NOS,0.00,56.00,56.00,42.00,14.00
PRINTER CANON GM2070 INK TANK,NOS,0.00,2.00,2.00,0.00,2.00
RAM 8GB DDR3,NOS,0.00,4.00,4.00,0.00,4.00
DOLO 650MG TABLET,NOS,0.00,1944.00,1944.00,1794.00,150.00
INK PGBK 70 CANON,NOS,0.00,16.00,16.00,14.00,2.00
POWER SUPPLY,NOS,0.00,2.00,2.00,1.00,1.00
APPRON WHITE SMALL,NOS,0.00,7.00,7.00,0.00,7.00
APPRON WHITE EXTRA LARGE,NOS,0.00,1.00,1.00,0.00,1.00
APPRON WHITE XXL,NOS,0.00,2.00,2.00,0.00,2.00
SMPS FINGERS 450W GAMMA,NOS,0.00,1.00,1.00,0.00,1.00
AFTER WASH LEQUIED,NOS,0.00,2.00,2.00,0.00,2.00
UPS 1 KVA 1200E CYBER POWER,NOS,0.00,1.00,1.00,0.00,1.00
UPS 1 KVA 1000E CYBER POWER,NOS,0.00,1.00,1.00,0.00,1.00
EPSON PRINTER L130,NOS,0.00,1.00,1.00,0.00,1.00
APPRON FOR SWEEPER - M SIZE,NOS,0.00,5.00,5.00,0.00,5.00
APPRON FOR SWEEPER - L SIZE,NOS,0.00,5.00,5.00,0.00,5.00
APPRON FOR SWEEPER - XL SIZE,NOS,0.00,5.00,5.00,0.00,5.00
WATER DISPENSOR CROMA 19L WITH EXT WARRANTY,NOS,0.00,2.00,2.00,0.00,2.00
DURACELL EXTRA POWER,NOS,0.00,5.00,5.00,0.00,5.00
AIR AUTO SPRAY MACHINE-GODREJ,NOS,0.00,1.00,1.00,1.00,0.00
BP MACHINE OMERON MAKE HEM 7121J,NOS,0.00,1.00,1.00,1.00,0.00
VACCUME SUCTION CATHETER 2.5M,NOS,0.00,2.00,2.00,1.00,1.00
DUSTBIN GARBAGE BLACK BAG 24x36,NOS,0.00,225.00,225.00,60.00,165.00
KEYBOARD USB CIRCLE C23,NOS,0.00,8.00,8.00,8.00,0.00
GENERAL SLIP BOOK,NOS,0.00,55.00,55.00,0.00,55.00
D-Link Single Face Plate,NOS,0.00,42.00,42.00,0.00,42.00
D-Link I/O Box,NOS,0.00,13.00,13.00,0.00,13.00
FIBER INCLOSER,NOS,0.00,6.00,6.00,0.00,6.00
SINGLE MODE FIBER CABLE 6 CORE,MTR,0.00,90.00,90.00,0.00,90.00
SINGLE MODE SFP MODULE,NOS,0.00,4.00,4.00,0.00,4.00
TELEPHONE CABLE 2 PAIR,NOS,0.00,3.00,3.00,0.00,3.00
LENOVO 960GB SSD,NOS,0.00,1.00,1.00,0.00,1.00
CISCO SWITCH CBS350 24T-4G,NOS,0.00,2.00,2.00,0.00,2.00
Rack 4U NETWORK DVR 450 X 550-FAN & PDU,NOS,0.00,1.00,1.00,0.00,1.00
RAINBOW SUBMERSIBLE PUMP 1HP,NOS,0.00,1.00,1.00,0.00,1.00
PRESSURE INJECTOR SINGLE HEAD NEMOTO,NOS,0.00,2.00,2.00,0.00,2.00
BROUCHER FOR MAMMOGRAPHY,NOS,0.00,6000.00,6000.00,1086.00,4914.00
BROUCHER FOR BMD,NOS,0.00,4000.00,4000.00,1000.00,3000.00
ELECTRIC IRON DRY BAZAZ,NOS,0.00,1.00,1.00,1.00,0.00
MOBILE PHONE C32 NOKIA 7+128GB,NOS,0.00,1.00,1.00,0.00,1.00
SMPS ZEBION 450W,NOS,0.00,2.00,2.00,1.00,1.00
RJ45 KEYSTONE CONNECTOR IO,NOS,0.00,16.00,16.00,0.00,16.00
MOUSE BLUETOOTH RGB-NOVITREND,NOS,0.00,2.00,2.00,2.00,0.00
APPLE iMAC M1 CHIP 8GB-256GB,NOS,0.00,1.00,1.00,1.00,0.00
DIGITAL LOCKER 15L GODREJ,NOS,0.00,1.00,1.00,0.00,1.00
LOCKER ACCESSORY I-BUZZ,NOS,0.00,1.00,1.00,0.00,1.00
EYE DROPS,BOT,0.00,2.00,2.00,2.00,0.00
"ASSAMBLE COMPUTER SYSTEM 8GB-256SSD-21.5"" SCREEN",NOS,0.00,6.00,6.00,0.00,6.00
CASSETTE AC 4TR-MITSUBISHI,NOS,0.00,2.00,2.00,0.00,2.00
CASSETTE AC 3TR-MITSUBISHI,NOS,0.00,1.00,1.00,0.00,1.00
PLASTIC SPIDER JALA BROOMS WITH LONG STICK,NOS,0.00,2.00,2.00,2.00,0.00
UTEROJECT 7FR-HSG,NOS,0.00,10.00,10.00,1.00,9.00
"CRYSTAL UHD SIGAGE QBB-43""",NOS,0.00,2.00,2.00,0.00,2.00
TOUCH INTERACTIVE DISPLAY FLIP-3.0,NOS,0.00,1.00,1.00,0.00,1.00
MINDRAY COLOR DOPPLER RESONA i9 MC,NOS,0.00,1.00,1.00,0.00,1.00
SAVARNA,NOS,0.00,9.00,9.00,3.00,6.00
D-LINK 16 PORT POE SWITCH,NOS,0.00,1.00,1.00,0.00,1.00
D-link Cat 6 (305 MTR) YELLOW,BOX,0.00,1.00,1.00,0.00,1.00
DNM-WALL MOUNT SPEAKERS-520T,NOS,0.00,4.00,4.00,0.00,4.00
PACE SUBWOOFER DIMOND 12,NOS,0.00,1.00,1.00,0.00,1.00
PACE AMPLIFIER 6120,NOS,0.00,1.00,1.00,0.00,1.00
INTERCONNECT CABLES,NOS,0.00,1.00,1.00,0.00,1.00
OFC SPEAKER CABLE 16AWG,MTR,0.00,45.00,45.00,0.00,45.00
HDMI CABLE 10MTR,NOS,0.00,5.00,5.00,3.00,2.00
HDMI CABLE 5MTR,NOS,0.00,1.00,1.00,1.00,0.00
EPSON INK BLACK 664 (L130),NOS,0.00,17.00,17.00,16.00,1.00
EPSON INK COLOR 664 (L130),NOS,0.00,29.00,29.00,27.00,2.00
DAHUA NVR-4432-4KS2/I-32CH,NOS,0.00,1.00,1.00,0.00,1.00
AC 1.5TR MITSHUBISHI MAKE,NOS,0.00,2.00,2.00,0.00,2.00
PATCH CODE 5 MTR,NOS,0.00,2.00,2.00,0.00,2.00
PCI EXPRESS GB TG-3468,NOS,0.00,1.00,1.00,0.00,1.00
"ASSAMBLE SYSTEM 4GB-19.5""SCREEN-WITHOUT HDD & WIFI",SET,0.00,1.00,1.00,0.00,1.00
"LED SMART+ANDROID FHD TV 55"" NEXT VIEW NVS24K5559",NOS,0.00,2.00,2.00,0.00,2.00
HP 600 G2 TINY PC 8GB/256GB,SET,0.00,3.00,3.00,0.00,3.00
POPUP BOX-DESK.SOKET-HDMI-VGA-RJ45-USB3.5-AUD.PORT,NOS,0.00,2.00,2.00,0.00,2.00
STEEL 5LTR CELLO TEA-JUG,NOS,0.00,1.00,1.00,1.00,0.00
UPS ON LINE 3KVA-96VDC K-STAR,NOS,0.00,4.00,4.00,0.00,4.00
BATTERY STAND MS,NOS,0.00,2.00,2.00,0.00,2.00
MANUAL CALL POINT,NOS,0.00,1.00,1.00,0.00,1.00
HOOTER,NOS,0.00,1.00,1.00,0.00,1.00
SMOKE DETECTOR,NOS,0.00,7.00,7.00,0.00,7.00
HEAT DETECTOR,NOS,0.00,1.00,1.00,0.00,1.00
VIVIDSCAN 10ML,ML,0.00,20.00,20.00,20.00,0.00
"SMART 9530 MINI PC-SAMSUNG 22""LED-KEYBOARD-MOUSE",SET,0.00,2.00,2.00,0.00,2.00
UPS FINGERS 1250VA,NOS,0.00,1.00,1.00,0.00,1.00
EM LOCK,NOS,0.00,1.00,1.00,0.00,1.00
PRINTER EPSON L8050 INKTANK- 6 COLOR,NOS,0.00,3.00,3.00,0.00,3.00
PRINTER EPSON L18050 INKTANK A3- 6 COLOR,NOS,0.00,1.00,1.00,0.00,1.00
VIVIDSCAN 20ML,ML,0.00,5800.00,5800.00,5600.00,200.00
EPSON INK BLACK 057(L8050),NOS,0.00,90.00,90.00,76.00,14.00
EPSON INK COLOR 057(L8050),NOS,0.00,73.00,73.00,61.00,12.00
KITCHEN WIPER,NOS,0.00,2.00,2.00,2.00,0.00
PORTABLE PA AHUJA LACTERN SYSTEM ASL-3000R,NOS,0.00,1.00,1.00,0.00,1.00
CAMERA SECURITY PT10 2MP,NOS,0.00,1.00,1.00,0.00,1.00
MICRO SD CARD 128GB SCANDISK,NOS,0.00,1.00,1.00,0.00,1.00
USB PRINTER CABLE 5MTR,NOS,0.00,1.00,1.00,0.00,1.00
SSD EVM 256GB SATA HARDDISK,NOS,0.00,7.00,7.00,0.00,7.00
CABLE DP TO DP 5MTR,NOS,0.00,1.00,1.00,0.00,1.00
CABLE TIES 150M,NOS,0.00,200.00,200.00,0.00,200.00
CABLE TIES 100M,NOS,0.00,100.00,100.00,0.00,100.00
SATA CABLE,NOS,0.00,1.00,1.00,0.00,1.00
"LED SAMSUNG 22"" MONITOR",NOS,0.00,1.00,1.00,0.00,1.00
LEK PAMIDOL 370mg (50ml),ML,0.00,45500.00,45500.00,43500.00,2000.00
BATTERY HW 9V LONG LAST,NOS,0.00,1.00,1.00,0.00,1.00
"LED TV SMART 4K-MI-X SERIES 50""",NOS,0.00,1.00,1.00,0.00,1.00
"LED TV SMART 4K-MI-X SERIES 55""",NOS,0.00,1.00,1.00,0.00,1.00
MS LADDER 8FT HEAVY 2x2,NOS,0.00,1.00,1.00,0.00,1.00
KEYBOARD & MOUSE WIRELESS HP,SET,0.00,5.00,5.00,0.00,5.00
SMART 9530 MINI PC,NOS,0.00,1.00,1.00,0.00,1.00
MOBILE REDMI 12C 4+128GB,NOS,0.00,2.00,2.00,0.00,2.00
"CALENDAR 2024 (14""x19"")",NOS,0.00,5000.00,5000.00,2.00,4998.00
DP TO HDMI CABLE,NOS,0.00,4.00,4.00,0.00,4.00
KEYBOARD AND MOUSE WIRELESS LOGITECH,SET,0.00,1.00,1.00,0.00,1.00
ELECTRICAL DRILL MACHINE 3in1-710W,NOS,0.00,1.00,1.00,0.00,1.00
GEL PEN BLACK FAT POINT,NOS,0.00,15.00,15.00,12.00,3.00
8 PORT POE SWITCH,NOS,0.00,4.00,4.00,0.00,4.00
HIKVISION 2MP DOME  CAMERA AUDIO,NOS,0.00,3.00,3.00,0.00,3.00
AUXILARY CABLE (5MTR),NOS,0.00,1.00,1.00,0.00,1.00
PRINTER CANON G2010 ALL IN ONE INK TANK,NOS,0.00,1.00,1.00,0.00,1.00
"DIWALI STICKER 5""x21"" GIFT-B",NOS,0.00,2235.00,2235.00,0.00,2235.00
"DIWALI RAPPER 18""x23"" GIFT-A+",NOS,0.00,300.00,300.00,0.00,300.00
"DIWALI STICKER 1/8-18""x23"" GIFT-A+",NOS,0.00,200.00,200.00,0.00,200.00
"DIWALI RAPPER 20""x28"" GIFT-A",NOS,0.00,276.00,276.00,0.00,276.00
"DIWALI STICKER 5""x7"" GIFT-B",NOS,0.00,1000.00,1000.00,0.00,1000.00
CANON LASERJET PRINTER 2900B,NOS,0.00,2.00,2.00,0.00,2.00
WEB CAM LENOVO 1080P FHD USB,NOS,0.00,1.00,1.00,0.00,1.00
CADDY,NOS,0.00,2.00,2.00,0.00,2.00
STEEL COKE BRINE REMOVE CHEMICAL,ML,0.00,2000.00,2000.00,1000.00,1000.00
LEAD SHEET 2MM,SQ.FT,0.00,53.00,53.00,0.00,53.00
FLYER HEALTH CHECKUP PLAN,NOS,0.00,1500.00,1500.00,1400.00,100.00
KEY BOARD & MOUSE USB LOGITECH,SET,0.00,1.00,1.00,0.00,1.00
"WRAPPER PACKING 20""x28"" L.GREY",NOS,0.00,500.00,500.00,0.00,500.00
DAHUA NVR 8 CHANNEL,NOS,0.00,1.00,1.00,0.00,1.00
TP-LINK GIGA LAN SWITCH 16 PORT,NOS,0.00,1.00,1.00,0.00,1.00
TELEPHONE CABLE 2  PAIR,MTR,0.00,52.00,52.00,0.00,52.00
COSEC DOOR VEGA CONTROLLER,NOS,0.00,1.00,1.00,0.00,1.00
POE SWITCH 24 PORT HIKVISION,NOS,0.00,1.00,1.00,0.00,1.00
PILLOW,NOS,0.00,5.00,5.00,4.00,1.00
FUEL FORM PETROL/DIESEL,NOS,0.00,12.00,12.00,5.00,7.00
VPN ROUTER,NOS,0.00,2.00,2.00,0.00,2.00
GENERATOR 45KVA-3PH POWERLUX-TATA SILENT,NOS,0.00,1.00,1.00,0.00,1.00
PEN DRIVE SANDISK-64GB,NOS,0.00,2.00,2.00,1.00,1.00
PRINTER DATA CABLE 1.5MTR,NOS,0.00,2.00,2.00,2.00,0.00
CURTAIN HOLDING PIN,NOS,0.00,25.00,25.00,25.00,0.00
SSD 512 GB HARDDISK,NOS,0.00,1.00,1.00,0.00,1.00
GAUGE ROLL,NOS,0.00,10.00,10.00,5.00,5.00
UPS OFFLINE ARTIS 600VA,NOS,0.00,1.00,1.00,0.00,1.00
"LED TV SMART GOOGLE-MI-32""",NOS,0.00,2.00,2.00,0.00,2.00
TV STAND WALL MOUNTED,NOS,0.00,2.00,2.00,0.00,2.00
MAINTENANCE BOX FOR 15150-8050-EPS,NOS,0.00,1.00,1.00,0.00,1.00
DP TO HDMI CONVERTOR DATA CABLE,NOS,0.00,2.00,2.00,0.00,2.00
WI-FI ADAPTOR 300-MBPS-TENDA,NOS,0.00,1.00,1.00,0.00,1.00
MULTI DATA TRACKER CABLE,NOS,0.00,1.00,1.00,0.00,1.00
USB TO HDMI CONVERTER DATA CABLE,NOS,0.00,1.00,1.00,0.00,1.00
DIPER ADULT,NOS,0.00,50.00,50.00,12.00,38.00
ELECTRICAL STANDING METAL FAN CROMPTON,NOS,0.00,1.00,1.00,0.00,1.00
PLASTIC CHAIR FOR PATIENT,NOS,0.00,20.00,20.00,0.00,20.00
DAHUA DVR 16 CHANNEL,NOS,0.00,1.00,1.00,0.00,1.00
HIKVISION 2MP DOME CAMERA,NOS,0.00,1.00,1.00,0.00,1.00
ADAPTER 12V-2AMP,NOS,0.00,1.00,1.00,0.00,1.00
POE SWITCH 4 PORT,NOS,0.00,1.00,1.00,0.00,1.00
WI-FI SMART PLUG QUBO,NOS,0.00,1.00,1.00,0.00,1.00
INDUCTION COOK TOP PRESTIGE 2000W,NOS,0.00,2.00,2.00,1.00,1.00
MOPE JUMBO GALA MAGIC TURBO,NOS,0.00,1.00,1.00,0.00,1.00
LED LASER LIGHT,NOS,0.00,2.00,2.00,2.00,0.00
MOBILE REDMI A3-4G 6+128GB,NOS,0.00,1.00,1.00,0.00,1.00
RAM 16GB DDR4 LENOVO,NOS,0.00,1.00,1.00,0.00,1.00
HARD DISK LENOVO 4TB SAS,NOS,0.00,1.00,1.00,0.00,1.00
BROUCHER FOR CONTINUOUS MEDICAL EDUCAION,NOS,0.00,2000.00,2000.00,0.00,2000.00
BOOKLET 70GSM 8.5*5.5 25PAGE,NOS,0.00,500.00,500.00,4.00,496.00
TEA-COFFEE 2-LANE AUTOMATIC VENDING MC,NOS,0.00,1.00,1.00,0.00,1.00
METAL DETECTOR HAND HELD ZK-D160,NOS,0.00,3.00,3.00,3.00,0.00
KAPOOR DANI,NOS,0.00,7.00,7.00,7.00,0.00
MOBILE REDMI A3-4G 3+64GB,NOS,0.00,1.00,1.00,1.00,0.00
RFID SMART CARD SYSTEM,NOS,0.00,1.00,1.00,0.00,1.00
PLASTIC CONTAINER FOR TEA MACHINE,NOS,0.00,1.00,1.00,0.00,1.00
WOMEN DAY MAMMOGRAPHY FLYER A5 SIZE,NOS,0.00,5000.00,5000.00,0.00,5000.00
14*19 NON WOOVEN BAG GENERAL,NOS,0.00,500.00,500.00,0.00,500.00
ELECTRIC CEILING FAN ORIENT,NOS,0.00,3.00,3.00,0.00,3.00
ALL IN ONE PC SYSTEM AIO327,NOS,0.00,1.00,1.00,0.00,1.00
CERTIFICATE OF TRAINING A4 SIZE,NOS,0.00,200.00,200.00,0.00,200.00
EPSON PRINETR PAPER A/4 270GSM,NOS,0.00,50.00,50.00,50.00,0.00
CANON INK GI790 BLACK (G2010),NOS,0.00,1.00,1.00,0.00,1.00
HP PRINTER SMART 585 ALL IN ONE,NOS,0.00,1.00,1.00,0.00,1.00
MAT BLACK HOLE FOR GEB ELECTRICAL,NOS,0.00,2.00,2.00,0.00,2.00
STRATURE BELT,NOS,0.00,5.00,5.00,0.00,5.00
POWER DATA CABLE 1.8MTR ,NOS,0.00,5.00,5.00,0.00,5.00
"MONITOR HDMI-LED 19"" FRONTECH",NOS,0.00,6.00,6.00,0.00,6.00
KEYBOARD-MOUSE USB FRONTECH,SET,0.00,14.00,14.00,0.00,14.00
FOAM SPRAY,NOS,0.00,7.00,7.00,3.00,4.00
VACCUME CLEANER EUREKA FORBS 20LTR,NOS,0.00,1.00,1.00,0.00,1.00
ACCURATE GLOSSY PAPER A4-SIZE 230GSM,NOS,0.00,51000.00,51000.00,39500.00,11500.00
RAM 8GB DDR-4,NOS,0.00,1.00,1.00,0.00,1.00
AIR FRESHNER FOR CARS,NOS,0.00,22.00,22.00,0.00,22.00
PRINTER CABLE 3.0M DATA HOC,NOS,0.00,1.00,1.00,0.00,1.00
PRINTER CABLE 5.0M DATA HOC,NOS,0.00,1.00,1.00,0.00,1.00
ADAPTER 5V-2AMP HOC,NOS,0.00,1.00,1.00,0.00,1.00
SONOGEL TOPMOST,NOS,0.00,1475.00,1475.00,1299.00,176.00
ELECTRODE CT ECG-CHEST-LEAD,NOS,0.00,2400.00,2400.00,2250.00,150.00
DIGITAL TEMPERETURE METER,NOS,0.00,2.00,2.00,0.00,2.00
TP LINK ARCHER AC1200 C6 ROUTER,NOS,0.00,1.00,1.00,0.00,1.00
UPS ELECTRICA PLUS FRONTECH T-2561,NOS,0.00,1.00,1.00,0.00,1.00
"ADDRESS BOOK 3""x2"" SIZE",NOS,0.00,24.00,24.00,0.00,24.00
ACCURATE GLOSSY PAPER A3-SIZE 230GSM,NOS,0.00,3900.00,3900.00,3000.00,900.00
ACCURATE GLOSSY PVC PAPER A3-SIZE,NOS,0.00,300.00,300.00,200.00,100.00
ACCURATE GLOSSY BLUE SHEET 13x17 SIZE,NOS,0.00,400.00,400.00,100.00,300.00
CHARGER FOR PHONE APPLE,NOS,0.00,1.00,1.00,0.00,1.00
TENDA 5 PORT SWITCH,NOS,0.00,1.00,1.00,0.00,1.00
DAHUA 16CH NVR,NOS,0.00,1.00,1.00,0.00,1.00
IMOU WIFI PT CAMERA,NOS,0.00,1.00,1.00,0.00,1.00
PVC RACK,NOS,0.00,1.00,1.00,0.00,1.00
TP LINK DECO X50POE,NOS,0.00,1.00,1.00,0.00,1.00
"APPLE iMAC i5 8GB-1TB INTEL UHD-21.5""",NOS,0.00,1.00,1.00,0.00,1.00
SSD 512 GB ADATA NVME LEGEND,NOS,0.00,1.00,1.00,0.00,1.00
DAIKIN AC REMOTE,NOS,0.00,1.00,1.00,0.00,1.00
AIR FRESHNER GEL BASE AMBIPURE,NOS,0.00,1.00,1.00,0.00,1.00
PAPER TISSUE SOFT,NOS,0.00,50.00,50.00,0.00,50.00
YERA ALPINE BOWL (B TYPE),NOS,0.00,970.00,970.00,0.00,970.00
CELLO DINNER SET - 10PCS,NOS,0.00,10.00,10.00,0.00,10.00
"WRAPPER PACKING 20""x28"" WITH LAMINATION",NOS,0.00,1516.00,1516.00,0.00,1516.00
MOBILE REDMI 13C 4+128GB 5G,NOS,0.00,4.00,4.00,0.00,4.00
"CALENDAR 2025 (14""x19"")",NOS,0.00,5000.00,5000.00,3000.00,2000.00
CASSEROLE STEEL-PLASTIC 1500ML,NOS,0.00,12.00,12.00,0.00,12.00
CASSEROLE STEEL-PLASTIC 1000ML,NOS,0.00,60.00,60.00,0.00,60.00
SSD 256GB HIKVISION E100,NOS,0.00,2.00,2.00,0.00,2.00
MOBILE APPLE IPHONE BLACK 16+512GB,NOS,0.00,1.00,1.00,0.00,1.00
"MONITOR 19"" ENTER E-MO-A01",NOS,0.00,2.00,2.00,0.00,2.00
"MONITOR HDMI-LED 20"" FRONTECH",NOS,0.00,1.00,1.00,0.00,1.00
LED LIGHT WITH SOLAR PANEL HOMESHOP,NOS,0.00,2.00,2.00,0.00,2.00
ADAPTER 12V-5AMP,NOS,0.00,1.00,1.00,0.00,1.00
PEN DRIVE SANDISK-32GB,NOS,0.00,1.00,1.00,0.00,1.00
WIRED COMBO HP KM150,SET,0.00,1.00,1.00,0.00,1.00
BARD MAGNUM GUN,NOS,0.00,1.00,1.00,0.00,1.00
KEY BOARD USB TVS GOLD,NOS,0.00,1.00,1.00,0.00,1.00
Servo Voltage Stabilizer 3PH-60KVA with B/P Switch,NOS,0.00,1.00,1.00,0.00,1.00
USB CABLE FOR D-PIN CHARGER,NOS,0.00,1.00,1.00,1.00,0.00
MAINTENANCE BOX,NOS,0.00,10.00,10.00,3.00,7.00
ACCURATE INK BLACK-AB (CT/MRI),NOS,0.00,7.00,7.00,2.00,5.00
ACCURATE INK GREY-AG (CT/MRI),NOS,0.00,4.00,4.00,1.00,3.00
ACCURATE INK BLACK (X-RAY/USG),NOS,0.00,28.00,28.00,14.00,14.00
ACCURATE INK COLOR (C-M-Y-LC-LM) (X-RAY/USG),NOS,0.00,94.00,94.00,21.00,73.00
ACCURATE INK COLOR (C-M-Y) (CT/MRI),NOS,0.00,18.00,18.00,6.00,12.00
COMPUTER SYSTEM 8GB-256GB CPU,NOS,0.00,1.00,1.00,0.00,1.00
TABLE FAN CROMPTON FOR OFFICE,NOS,0.00,1.00,1.00,0.00,1.00
MI-SCAN (Gadopentetate Dimeglumine) 20ml,ML,0.00,100.00,100.00,100.00,0.00
GADOMAX (Gadoterate Meglumine) 20ml,ML,0.00,100.00,100.00,100.00,0.00
CAT-6,NOS,0.00,1.00,1.00,0.00,1.00
CURTAIN 7X4 FEET,NOS,0.00,4.00,4.00,4.00,0.00
CAP DISPOSABLE,NOS,0.00,100.00,100.00,0.00,100.00
ROPIN 0.75% INJ.,NOS,0.00,1.00,1.00,0.00,1.00
TERMIN INJ.,NOS,0.00,1.00,1.00,0.00,1.00
CAMERA COVER 17.5x200cm,NOS,0.00,10.00,10.00,2.00,8.00
SPEAKER COVER,NOS,0.00,1.00,1.00,0.00,1.00
LEAKAGE SPRAY WATER PROOFING,NOS,0.00,2.00,2.00,0.00,2.00